transaction_id,transaction_date,merchant_id,merchant_name,payment_channel,currency,transaction_amount,processing_status,settlement_status,reconciliation_status,expected_amount,settled_amount,discrepancy_amount,failure_reason,processing_time_seconds,processing_time_category
TXN-00939,2026-03-18 14:48:00,MER-010,Global Services,Wallet,GBP,113370.11,Successful,Settled,Reconciled,113370.11,113370.11,0.0,Not Applicable,781.0,Slow
TXN-00631,2026-04-09 09:50:00,MER-005,Prime Electronics,Wallet,EUR,33865.22,Pending,Pending,Exception,33865.22,0.0,33865.22,Pending Review,553.0,Slow
TXN-00683,2026-05-29 22:38:00,MER-004,Urban Eats,Bank Transfer,GBP,39082.21,Pending,Pending,Exception,39082.21,0.0,39082.21,Pending Review,874.0,Slow
TXN-00515,2026-04-23 16:44:00,MER-005,Prime Electronics,Wallet,USD,163683.54,Successful,Settled,Reconciled,163683.54,163683.54,0.0,Not Applicable,350.0,Slow
TXN-00366,2026-05-29 09:34:00,MER-002,Apex Travel,Bank Transfer,EUR,229700.3,Successful,Settled,Reconciled,229700.3,229700.3,0.0,Not Applicable,888.0,Slow
TXN-00656,2026-02-13 11:16:00,MER-006,Green Energy,Card,EUR,47548.38,Pending,Pending,Exception,47548.38,0.0,47548.38,Pending Review,510.0,Slow
TXN-00657,2026-04-22 14:24:00,MER-005,Prime Electronics,Mobile Money,EUR,160261.89,Successful,Settled,Reconciled,160261.89,160261.89,0.0,Not Applicable,99.0,Normal
TXN-00530,2026-01-12 07:01:00,MER-005,Prime Electronics,Bank Transfer,NGN,89734.74,Successful,Settled,Reconciled,89734.74,89734.74,0.0,Not Applicable,105.0,Normal
TXN-00322,2026-05-12 19:55:00,MER-002,Apex Travel,Wallet,GBP,13518.74,Successful,Settled,Reconciled,13518.74,13518.74,0.0,Not Applicable,238.0,Normal
TXN-00071,2026-01-12 16:37:00,MER-007,Metro Logistics,USSD,GBP,135698.52,Successful,Settled,Reconciled,135698.52,135698.52,0.0,Not Applicable,64.0,Normal
TXN-00793,2026-02-16 20:19:00,MER-003,Nova Health,Card,GBP,194298.78,Successful,Settled,Reconciled,194298.78,194298.78,0.0,Not Applicable,398.0,Slow
TXN-00372,2026-06-05 04:17:00,MER-008,CloudLearn,Mobile Money,NGN,11581.14,Pending,Not Settled,Unreconciled,11581.14,0.0,11581.14,Pending Review,803.0,Slow
TXN-00842,2026-02-20 10:51:00,MER-001,SwiftMart,Card,GBP,86372.12,Successful,Settled,Reconciled,86372.12,86372.12,0.0,Not Applicable,514.0,Slow
TXN-00457,2026-02-18 02:01:00,MER-007,Metro Logistics,USSD,EUR,9462.67,Successful,Settled,Reconciled,9462.67,9462.67,0.0,Not Applicable,413.0,Slow
TXN-00248,2026-04-24 10:59:00,MER-010,Global Services,Card,USD,243773.2,Successful,Settled,Reconciled,243773.2,243773.2,0.0,Not Applicable,383.0,Slow
TXN-00612,2026-04-06 16:58:00,MER-007,Metro Logistics,USSD,NGN,125668.56,Successful,Settled,Reconciled,125668.56,125668.56,0.0,Not Applicable,882.0,Slow
TXN-00706,2026-02-26 23:04:00,MER-007,Metro Logistics,Wallet,NGN,130210.21,Successful,Settled,Reconciled,130210.21,130210.21,0.0,Not Applicable,468.0,Slow
TXN-00983,2026-06-06 09:04:00,MER-001,SwiftMart,Bank Transfer,EUR,162190.94,Pending,Not Settled,Unreconciled,162190.94,0.0,162190.94,Pending Review,248.0,Normal
TXN-00299,2026-05-12 21:45:00,MER-004,Urban Eats,Card,GBP,94354.28,Failed,Not Settled,Unreconciled,94354.28,0.0,94354.28,Insufficient Funds,618.0,Slow
TXN-00102,2026-04-24 20:55:00,MER-004,Urban Eats,Mobile Money,NGN,39348.57,Successful,Settled,Exception,39348.57,37090.56,2258.01,Not Applicable,566.0,Slow
TXN-00964,2026-06-17 13:20:00,MER-002,Apex Travel,Bank Transfer,EUR,169259.44,Successful,Settled,Reconciled,169259.44,169259.44,0.0,Not Applicable,27.0,Fast
TXN-00606,2026-01-14 20:10:00,MER-009,StyleHouse,Bank Transfer,EUR,78536.81,Successful,Settled,Reconciled,78536.81,78536.81,0.0,Not Applicable,588.0,Slow
TXN-00214,2026-04-09 20:32:00,MER-008,CloudLearn,Mobile Money,NGN,188347.4,Successful,Settled,Reconciled,188347.4,188347.4,0.0,Not Applicable,293.0,Normal
TXN-00238,2026-03-15 22:14:00,MER-005,Prime Electronics,USSD,NGN,172184.53,Successful,Settled,Reconciled,172184.53,172184.53,0.0,Not Applicable,451.0,Slow
TXN-00594,2026-05-12 21:21:00,MER-007,Metro Logistics,USSD,GBP,177930.3,Failed,Not Settled,Unreconciled,177930.3,0.0,177930.3,Network Timeout,452.5,Slow
TXN-00282,2026-03-30 23:43:00,MER-002,Apex Travel,Wallet,EUR,202192.15,Successful,Settled,Reconciled,202192.15,202192.15,0.0,Not Applicable,136.0,Normal
TXN-00378,2026-03-11 17:39:00,MER-002,Apex Travel,Card,NGN,78406.53,Successful,Settled,Reconciled,78406.53,78406.53,0.0,Not Applicable,141.0,Normal
TXN-00287,2026-06-09 04:59:00,MER-009,StyleHouse,Bank Transfer,GBP,29746.43,Failed,Not Settled,Unreconciled,29746.43,0.0,29746.43,Fraud Check,403.0,Slow
TXN-00389,2026-05-28 02:28:00,MER-003,Nova Health,Wallet,GBP,97743.8,Pending,Pending,Exception,97743.8,0.0,97743.8,Pending Review,782.0,Slow
TXN-00886,2026-05-16 20:11:00,MER-005,Prime Electronics,Wallet,GBP,88115.6,Failed,Not Settled,Unreconciled,88115.6,0.0,88115.6,System Error,800.0,Slow
TXN-00719,2026-02-20 15:05:00,MER-010,Global Services,Wallet,USD,12324.81,Successful,Settled,Exception,12324.81,8054.2,4270.61,Not Applicable,57.0,Fast
TXN-00836,2026-01-06 22:55:00,MER-005,Prime Electronics,USSD,GBP,174543.94,Failed,Not Settled,Unreconciled,174543.94,0.0,174543.94,Fraud Check,556.0,Slow
TXN-00097,2026-04-27 02:53:00,MER-008,CloudLearn,Card,NGN,143558.65,Successful,Settled,Reconciled,143558.65,143558.65,0.0,Not Applicable,491.0,Slow
TXN-00245,2026-05-03 10:17:00,MER-008,CloudLearn,Mobile Money,NGN,211808.37,Successful,Settled,Reconciled,211808.37,211808.37,0.0,Not Applicable,138.0,Normal
TXN-00737,2026-06-06 03:52:00,MER-006,Green Energy,Card,GBP,103526.01,Successful,Settled,Reconciled,103526.01,103526.01,0.0,Not Applicable,899.0,Slow
TXN-00077,2026-06-23 03:52:00,MER-007,Metro Logistics,Mobile Money,NGN,117629.68,Pending,Pending,Exception,117629.68,0.0,117629.68,Pending Review,553.0,Slow
TXN-00900,2026-06-01 03:41:00,MER-002,Apex Travel,USSD,NGN,243020.93,Successful,Settled,Reconciled,243020.93,243020.93,0.0,Not Applicable,620.0,Slow
TXN-00210,2026-02-16 04:12:00,MER-001,SwiftMart,Mobile Money,NGN,86266.14,Pending,Pending,Exception,86266.14,0.0,86266.14,Pending Review,2093.0,Critical
TXN-00260,2026-06-27 02:42:00,MER-005,Prime Electronics,Mobile Money,USD,172590.95,Successful,Settled,Reconciled,172590.95,172590.95,0.0,Not Applicable,325.0,Slow
TXN-00159,2026-03-17 17:29:00,MER-002,Apex Travel,Mobile Money,EUR,78199.64,Successful,Settled,Reconciled,78199.64,78199.64,0.0,Not Applicable,384.0,Slow
TXN-00496,2026-06-01 05:10:00,MER-002,Apex Travel,Wallet,NGN,70748.42,Successful,Settled,Reconciled,70748.42,70748.42,0.0,Not Applicable,510.0,Slow
TXN-00527,2026-04-02 17:32:00,MER-009,StyleHouse,Mobile Money,NGN,190217.68,Failed,Not Settled,Unreconciled,190217.68,0.0,190217.68,Fraud Check,492.0,Slow
TXN-00332,2026-06-21 21:22:00,MER-004,Urban Eats,USSD,USD,114519.62,Successful,Settled,Reconciled,114519.62,114519.62,0.0,Not Applicable,312.0,Slow
TXN-00955,2026-02-02 15:41:00,MER-005,Prime Electronics,Bank Transfer,EUR,232588.7,Successful,Settled,Reconciled,232588.7,232588.7,0.0,Not Applicable,136.0,Normal
TXN-00315,2026-02-11 02:47:00,MER-005,Prime Electronics,Card,NGN,23465.78,Successful,Settled,Reconciled,23465.78,23465.78,0.0,Not Applicable,387.0,Slow
TXN-00295,2026-06-21 09:51:00,MER-007,Metro Logistics,Wallet,GBP,174107.47,Successful,Settled,Reconciled,174107.47,174107.47,0.0,Not Applicable,153.0,Normal
TXN-00382,2026-04-28 08:23:00,MER-002,Apex Travel,Bank Transfer,GBP,194764.52,Pending,Not Settled,Unreconciled,194764.52,0.0,194764.52,Pending Review,28.0,Fast
TXN-00923,2026-05-30 22:50:00,MER-005,Prime Electronics,Bank Transfer,GBP,171745.04,Successful,Settled,Reconciled,171745.04,171745.04,0.0,Not Applicable,416.0,Slow
TXN-00982,2026-05-03 15:53:00,MER-007,Metro Logistics,Mobile Money,NGN,31359.86,Successful,Settled,Exception,31359.86,26506.96,4852.9,Not Applicable,196.0,Normal
TXN-00878,2026-03-30 06:33:00,MER-007,Metro Logistics,Mobile Money,USD,25694.22,Successful,Settled,Reconciled,25694.22,25694.22,0.0,Not Applicable,516.0,Slow
TXN-00622,2026-06-07 21:35:00,MER-010,Global Services,Bank Transfer,USD,244845.35,Successful,Settled,Reconciled,244845.35,244845.35,0.0,Not Applicable,364.0,Slow
TXN-00936,2026-05-18 17:55:00,MER-004,Urban Eats,Mobile Money,USD,214868.24,Successful,Settled,Reconciled,214868.24,214868.24,0.0,Not Applicable,450.0,Slow
TXN-00060,2026-03-20 06:12:00,MER-010,Global Services,Wallet,GBP,116300.55,Successful,Settled,Reconciled,116300.55,116300.55,0.0,Not Applicable,692.0,Slow
TXN-00626,2026-04-17 20:17:00,MER-009,StyleHouse,USSD,EUR,41912.79,Successful,Settled,Reconciled,41912.79,41912.79,0.0,Not Applicable,129.0,Normal
TXN-00559,2026-04-13 22:56:00,MER-010,Global Services,Mobile Money,GBP,239668.86,Successful,Settled,Reconciled,239668.86,239668.86,0.0,Not Applicable,5.0,Fast
TXN-00746,2026-01-26 18:28:00,MER-005,Prime Electronics,Wallet,USD,42901.62,Successful,Settled,Reconciled,42901.62,42901.62,0.0,Not Applicable,628.0,Slow
TXN-00381,2026-01-26 11:43:00,MER-002,Apex Travel,Wallet,EUR,87948.76,Successful,Settled,Reconciled,87948.76,87948.76,0.0,Not Applicable,323.0,Slow
TXN-00055,2026-01-07 23:08:00,MER-002,Apex Travel,Wallet,EUR,86487.21,Successful,Settled,Reconciled,86487.21,86487.21,0.0,Not Applicable,447.0,Slow
TXN-00024,2026-02-15 03:06:00,MER-004,Urban Eats,Card,GBP,5356.46,Failed,Not Settled,Unreconciled,5356.46,0.0,5356.46,Fraud Check,236.0,Normal
TXN-00031,2026-01-18 19:46:00,MER-001,SwiftMart,Wallet,NGN,242252.16,Successful,Settled,Reconciled,242252.16,242252.16,0.0,Not Applicable,171.0,Normal
TXN-00895,2026-03-14 03:45:00,MER-008,CloudLearn,Wallet,NGN,29892.54,Successful,Settled,Reconciled,29892.54,29892.54,0.0,Not Applicable,411.0,Slow
TXN-00430,2026-01-19 09:24:00,MER-006,Green Energy,Mobile Money,GBP,34199.27,Successful,Settled,Reconciled,34199.27,34199.27,0.0,Not Applicable,750.0,Slow
TXN-00011,2026-03-15 00:42:00,MER-005,Prime Electronics,Card,USD,228292.72,Failed,Not Settled,Unreconciled,228292.72,0.0,228292.72,System Error,3008.0,Critical
TXN-00950,2026-02-17 15:49:00,MER-004,Urban Eats,Wallet,EUR,226841.33,Successful,Settled,Reconciled,226841.33,226841.33,0.0,Not Applicable,597.0,Slow
TXN-00812,2026-02-28 13:02:00,MER-004,Urban Eats,Card,USD,83942.38,Successful,Settled,Reconciled,83942.38,83942.38,0.0,Not Applicable,281.0,Normal
TXN-00483,2026-03-04 09:08:00,MER-007,Metro Logistics,Wallet,EUR,35891.72,Pending,Pending,Exception,35891.72,0.0,35891.72,Pending Review,185.0,Normal
TXN-00446,2026-03-28 05:03:00,MER-002,Apex Travel,Mobile Money,EUR,117789.02,Pending,Pending,Exception,117789.02,0.0,117789.02,Pending Review,272.0,Normal
TXN-00200,2026-06-20 01:59:00,MER-002,Apex Travel,Wallet,NGN,71337.25,Successful,Settled,Reconciled,71337.25,71337.25,0.0,Not Applicable,280.0,Normal
TXN-00501,2026-02-01 19:17:00,MER-001,SwiftMart,Mobile Money,GBP,200418.87,Successful,Settled,Reconciled,200418.87,200418.87,0.0,Not Applicable,437.0,Slow
TXN-00775,2026-04-04 07:51:00,MER-008,CloudLearn,Wallet,GBP,105311.93,Successful,Settled,Reconciled,105311.93,105311.93,0.0,Not Applicable,297.0,Normal
TXN-00108,2026-01-05 17:00:00,MER-002,Apex Travel,Bank Transfer,NGN,249893.15,Pending,Not Settled,Unreconciled,249893.15,0.0,249893.15,Pending Review,842.0,Slow
TXN-00219,2026-01-08 17:03:00,MER-006,Green Energy,Wallet,EUR,68711.38,Successful,Settled,Reconciled,68711.38,68711.38,0.0,Not Applicable,77.0,Normal
TXN-00421,2026-03-12 16:51:00,MER-005,Prime Electronics,Bank Transfer,NGN,79787.5,Successful,Settled,Reconciled,79787.5,79787.5,0.0,Not Applicable,31.0,Fast
TXN-00175,2026-04-15 09:13:00,MER-007,Metro Logistics,USSD,GBP,28881.83,Successful,Settled,Reconciled,28881.83,28881.83,0.0,Not Applicable,333.0,Slow
TXN-00722,2026-06-19 13:41:00,MER-001,SwiftMart,Card,GBP,80773.18,Successful,Settled,Reconciled,80773.18,80773.18,0.0,Not Applicable,840.0,Slow
TXN-00520,2026-03-25 04:51:00,MER-004,Urban Eats,Mobile Money,NGN,189311.62,Successful,Settled,Reconciled,189311.62,189311.62,0.0,Not Applicable,649.0,Slow
TXN-00454,2026-01-13 04:46:00,MER-002,Apex Travel,USSD,EUR,138058.34,Successful,Settled,Reconciled,138058.34,138058.34,0.0,Not Applicable,533.0,Slow
TXN-00932,2026-03-19 03:31:00,MER-008,CloudLearn,Bank Transfer,GBP,219870.44,Successful,Settled,Reconciled,219870.44,219870.44,0.0,Not Applicable,372.0,Slow
TXN-00040,2026-04-08 20:57:00,MER-004,Urban Eats,Wallet,GBP,33200.9,Successful,Settled,Reconciled,33200.9,33200.9,0.0,Not Applicable,71.0,Normal
TXN-00552,2026-06-24 18:53:00,MER-003,Nova Health,Mobile Money,GBP,239352.17,Successful,Settled,Reconciled,239352.17,239352.17,0.0,Not Applicable,567.0,Slow
TXN-00917,2026-03-03 07:40:00,MER-005,Prime Electronics,Card,EUR,106833.76,Successful,Settled,Reconciled,106833.76,106833.76,0.0,Not Applicable,815.0,Slow
TXN-00352,2026-04-27 08:18:00,MER-006,Green Energy,Wallet,EUR,152865.97,Failed,Not Settled,Unreconciled,152865.97,0.0,152865.97,Bank Declined,117.0,Normal
TXN-00067,2026-02-27 18:17:00,MER-008,CloudLearn,Wallet,EUR,207659.24,Failed,Not Settled,Unreconciled,207659.24,0.0,207659.24,Network Timeout,457.0,Slow
TXN-00278,2026-06-30 00:17:00,MER-010,Global Services,Mobile Money,EUR,175514.99,Successful,Settled,Reconciled,175514.99,175514.99,0.0,Not Applicable,776.0,Slow
TXN-00068,2026-05-16 09:04:00,MER-008,CloudLearn,USSD,GBP,187969.02,Pending,Not Settled,Unreconciled,187969.02,0.0,187969.02,Pending Review,284.0,Normal
TXN-00909,2026-06-02 08:37:00,MER-006,Green Energy,Mobile Money,NGN,191321.99,Pending,Not Settled,Unreconciled,191321.99,0.0,191321.99,Pending Review,350.0,Slow
TXN-00735,2026-02-07 21:54:00,MER-010,Global Services,Mobile Money,GBP,16646.64,Successful,Settled,Reconciled,16646.64,16646.64,0.0,Not Applicable,288.0,Normal
TXN-00843,2026-05-10 05:16:00,MER-009,StyleHouse,Wallet,GBP,113049.4,Successful,Settled,Reconciled,113049.4,113049.4,0.0,Not Applicable,820.0,Slow
TXN-00297,2026-06-16 12:33:00,MER-001,SwiftMart,Wallet,EUR,241949.77,Failed,Not Settled,Unreconciled,241949.77,0.0,241949.77,Network Timeout,543.0,Slow
TXN-00619,2026-02-27 11:26:00,MER-008,CloudLearn,Mobile Money,GBP,140578.4,Failed,Not Settled,Unreconciled,140578.4,0.0,140578.4,Invalid Account,49.0,Fast
TXN-00599,2026-06-01 01:17:00,MER-009,StyleHouse,Wallet,GBP,86934.02,Successful,Settled,Reconciled,86934.02,86934.02,0.0,Not Applicable,232.0,Normal
TXN-00818,2026-02-04 22:26:00,MER-002,Apex Travel,Wallet,NGN,154768.34,Failed,Not Settled,Unreconciled,154768.34,0.0,154768.34,Network Timeout,520.0,Slow
TXN-00807,2026-02-08 12:50:00,MER-009,StyleHouse,USSD,USD,185288.77,Successful,Settled,Reconciled,185288.77,185288.77,0.0,Not Applicable,74.0,Normal
TXN-00424,2026-02-01 14:57:00,MER-003,Nova Health,Bank Transfer,GBP,201571.94,Pending,Pending,Exception,201571.94,0.0,201571.94,Pending Review,368.0,Slow
TXN-00759,2026-03-01 14:28:00,MER-008,CloudLearn,Card,NGN,54481.18,Successful,Settled,Reconciled,54481.18,54481.18,0.0,Not Applicable,595.0,Slow
TXN-00313,2026-03-20 09:12:00,MER-003,Nova Health,Card,NGN,131143.91,Successful,Settled,Reconciled,131143.91,131143.91,0.0,Not Applicable,197.0,Normal
TXN-00185,2026-06-13 02:08:00,MER-001,SwiftMart,USSD,USD,80449.54,Successful,Settled,Reconciled,80449.54,80449.54,0.0,Not Applicable,514.0,Slow
TXN-00333,2026-06-03 05:03:00,MER-010,Global Services,USSD,GBP,110111.71,Successful,Settled,Reconciled,110111.71,110111.71,0.0,Not Applicable,836.0,Slow
TXN-00089,2026-03-03 22:57:00,MER-005,Prime Electronics,Wallet,GBP,138992.18,Failed,Not Settled,Unreconciled,138992.18,0.0,138992.18,Insufficient Funds,196.0,Normal
TXN-00064,2026-05-07 18:25:00,MER-007,Metro Logistics,USSD,EUR,61071.71,Pending,Pending,Exception,61071.71,0.0,61071.71,Pending Review,705.0,Slow
TXN-00833,2026-01-25 03:49:00,MER-006,Green Energy,Mobile Money,USD,161945.29,Successful,Settled,Reconciled,161945.29,161945.29,0.0,Not Applicable,17.0,Fast
TXN-00577,2026-06-26 10:41:00,MER-010,Global Services,Card,GBP,236818.74,Successful,Settled,Reconciled,236818.74,236818.74,0.0,Not Applicable,460.0,Slow
TXN-00216,2026-03-12 09:16:00,MER-006,Green Energy,Bank Transfer,EUR,173047.92,Successful,Settled,Reconciled,173047.92,173047.92,0.0,Not Applicable,817.0,Slow
TXN-00605,2026-05-08 13:55:00,MER-005,Prime Electronics,Bank Transfer,GBP,23343.06,Pending,Not Settled,Unreconciled,23343.06,0.0,23343.06,Pending Review,767.0,Slow
TXN-00549,2026-01-12 12:17:00,MER-010,Global Services,Card,NGN,89489.26,Failed,Not Settled,Unreconciled,89489.26,0.0,89489.26,Bank Declined,109.0,Normal
TXN-00291,2026-05-03 08:06:00,MER-001,SwiftMart,Bank Transfer,NGN,100626.11,Successful,Settled,Reconciled,100626.11,100626.11,0.0,Not Applicable,553.0,Slow
TXN-00789,2026-03-23 04:21:00,MER-006,Green Energy,Bank Transfer,GBP,63048.84,Successful,Settled,Reconciled,63048.84,63048.84,0.0,Not Applicable,25.0,Fast
TXN-00890,2026-05-03 14:40:00,MER-002,Apex Travel,Bank Transfer,GBP,245327.15,Successful,Settled,Reconciled,245327.15,245327.15,0.0,Not Applicable,220.0,Normal
TXN-00968,2026-02-08 11:28:00,MER-001,SwiftMart,Mobile Money,GBP,199556.93,Pending,Not Settled,Unreconciled,199556.93,0.0,199556.93,Pending Review,3011.0,Critical
TXN-00945,2026-04-25 01:46:00,MER-004,Urban Eats,Card,EUR,49646.72,Pending,Pending,Exception,49646.72,0.0,49646.72,Pending Review,873.0,Slow
TXN-00828,2026-05-24 17:34:00,MER-010,Global Services,Bank Transfer,USD,21709.94,Failed,Not Settled,Unreconciled,21709.94,0.0,21709.94,Network Timeout,501.0,Slow
TXN-00808,2026-04-30 00:38:00,MER-001,SwiftMart,USSD,NGN,60746.37,Pending,Pending,Exception,60746.37,0.0,60746.37,Pending Review,134.0,Normal
TXN-00695,2026-04-05 19:03:00,MER-010,Global Services,Bank Transfer,EUR,60166.17,Successful,Settlement Exception,Exception,60166.17,0.0,60166.17,Not Applicable,437.0,Slow
TXN-00994,2026-02-25 06:40:00,MER-004,Urban Eats,Bank Transfer,NGN,249815.38,Successful,Settled,Reconciled,249815.38,249815.38,0.0,Not Applicable,268.0,Normal
TXN-00310,2026-03-17 01:46:00,MER-003,Nova Health,Bank Transfer,NGN,176821.67,Successful,Settled,Reconciled,176821.67,176821.67,0.0,Not Applicable,224.0,Normal
TXN-00087,2026-02-28 16:10:00,MER-004,Urban Eats,Card,GBP,220419.63,Successful,Settled,Reconciled,220419.63,220419.63,0.0,Not Applicable,769.0,Slow
TXN-00740,2026-03-03 21:59:00,MER-008,CloudLearn,Wallet,GBP,193905.75,Successful,Settled,Reconciled,193905.75,193905.75,0.0,Not Applicable,788.0,Slow
TXN-00517,2026-04-30 22:49:00,MER-004,Urban Eats,Card,GBP,88849.23,Pending,Not Settled,Unreconciled,88849.23,0.0,88849.23,Pending Review,820.0,Slow
TXN-00311,2026-04-23 11:21:00,MER-010,Global Services,USSD,EUR,4031.37,Failed,Not Settled,Unreconciled,4031.37,0.0,4031.37,Invalid Account,565.0,Slow
TXN-00537,2026-01-10 06:11:00,MER-010,Global Services,Mobile Money,EUR,197498.05,Failed,Not Settled,Unreconciled,197498.05,0.0,197498.05,Insufficient Funds,367.0,Slow
TXN-00137,2026-02-26 05:44:00,MER-008,CloudLearn,Card,GBP,183116.71,Successful,Settled,Reconciled,183116.71,183116.71,0.0,Not Applicable,303.0,Slow
TXN-00874,2026-01-10 15:04:00,MER-005,Prime Electronics,Mobile Money,EUR,159098.16,Successful,Settled,Reconciled,159098.16,159098.16,0.0,Not Applicable,50.0,Fast
TXN-00466,2026-06-24 20:34:00,MER-008,CloudLearn,Wallet,GBP,86127.83,Successful,Settled,Reconciled,86127.83,86127.83,0.0,Not Applicable,767.0,Slow
TXN-00903,2026-06-06 11:57:00,MER-009,StyleHouse,Wallet,NGN,238149.87,Successful,Settled,Reconciled,238149.87,238149.87,0.0,Not Applicable,441.0,Slow
TXN-00262,2026-05-29 23:32:00,MER-006,Green Energy,Bank Transfer,GBP,10612.42,Pending,Not Settled,Unreconciled,10612.42,0.0,10612.42,Pending Review,81.0,Normal
TXN-00487,2026-03-09 22:06:00,MER-001,SwiftMart,Mobile Money,USD,4577.24,Successful,Settled,Reconciled,4577.24,4577.24,0.0,Not Applicable,642.0,Slow
TXN-00169,2026-01-15 20:26:00,MER-005,Prime Electronics,USSD,EUR,121466.86,Successful,Settled,Reconciled,121466.86,121466.86,0.0,Not Applicable,425.0,Slow
TXN-00831,2026-01-08 07:01:00,MER-008,CloudLearn,Wallet,NGN,106481.84,Successful,Settled,Reconciled,106481.84,106481.84,0.0,Not Applicable,491.0,Slow
TXN-00448,2026-03-22 01:15:00,MER-008,CloudLearn,Mobile Money,USD,209285.98,Failed,Not Settled,Unreconciled,209285.98,0.0,209285.98,Network Timeout,64.0,Normal
TXN-00140,2026-06-06 14:00:00,MER-007,Metro Logistics,Wallet,GBP,22666.69,Successful,Settled,Reconciled,22666.69,22666.69,0.0,Not Applicable,15.0,Fast
TXN-00741,2026-06-20 18:17:00,MER-009,StyleHouse,Bank Transfer,USD,181170.2,Successful,Settled,Reconciled,181170.2,181170.2,0.0,Not Applicable,397.0,Slow
TXN-00665,2026-03-15 02:25:00,MER-009,StyleHouse,Mobile Money,USD,133521.73,Failed,Not Settled,Unreconciled,133521.73,0.0,133521.73,Bank Declined,454.0,Slow
TXN-00856,2026-04-28 19:51:00,MER-005,Prime Electronics,USSD,GBP,242404.43,Failed,Not Settled,Unreconciled,242404.43,0.0,242404.43,Network Timeout,683.0,Slow
TXN-00441,2026-06-28 01:07:00,MER-002,Apex Travel,Mobile Money,EUR,176155.71,Successful,Settled,Reconciled,176155.71,176155.71,0.0,Not Applicable,670.0,Slow
TXN-00661,2026-03-17 17:19:00,MER-006,Green Energy,Card,GBP,132302.31,Pending,Not Settled,Unreconciled,132302.31,0.0,132302.31,Pending Review,73.0,Normal
TXN-00532,2026-06-18 15:52:00,MER-007,Metro Logistics,USSD,EUR,239179.82,Pending,Pending,Exception,239179.82,0.0,239179.82,Pending Review,321.0,Slow
TXN-00056,2026-03-12 02:56:00,MER-010,Global Services,Bank Transfer,GBP,11192.19,Successful,Settled,Reconciled,11192.19,11192.19,0.0,Not Applicable,2.0,Fast
TXN-00121,2026-03-10 16:03:00,MER-008,CloudLearn,Mobile Money,USD,245195.58,Successful,Settled,Reconciled,245195.58,245195.58,0.0,Not Applicable,586.0,Slow
TXN-00529,2026-03-11 08:02:00,MER-003,Nova Health,Card,NGN,50055.61,Successful,Settled,Reconciled,50055.61,50055.61,0.0,Not Applicable,294.0,Normal
TXN-00026,2026-02-20 16:41:00,MER-008,CloudLearn,Bank Transfer,USD,180865.81,Failed,Not Settled,Unreconciled,180865.81,0.0,180865.81,Invalid Account,591.0,Slow
TXN-00073,2026-06-23 13:36:00,MER-007,Metro Logistics,Wallet,USD,122108.55,Successful,Settled,Reconciled,122108.55,122108.55,0.0,Not Applicable,447.0,Slow
TXN-00045,2026-01-09 00:37:00,MER-001,SwiftMart,Mobile Money,USD,159314.63,Successful,Settled,Reconciled,159314.63,159314.63,0.0,Not Applicable,166.0,Normal
TXN-00250,2026-05-27 08:34:00,MER-008,CloudLearn,Wallet,EUR,37320.27,Failed,Not Settled,Unreconciled,37320.27,0.0,37320.27,Bank Declined,144.0,Normal
TXN-00395,2026-01-29 15:17:00,MER-005,Prime Electronics,Card,NGN,57178.27,Failed,Not Settled,Unreconciled,57178.27,0.0,57178.27,Insufficient Funds,3.0,Fast
TXN-00915,2026-02-06 17:29:00,MER-008,CloudLearn,Card,USD,71910.15,Successful,Settlement Exception,Exception,71910.15,0.0,71910.15,Not Applicable,305.0,Slow
TXN-00901,2026-04-24 05:24:00,MER-010,Global Services,Card,NGN,165304.04,Failed,Not Settled,Unreconciled,165304.04,0.0,165304.04,Invalid Account,786.0,Slow
TXN-00747,2026-01-10 05:37:00,MER-003,Nova Health,Card,EUR,225832.77,Successful,Settled,Reconciled,225832.77,225832.77,0.0,Not Applicable,109.0,Normal
TXN-00199,2026-06-25 21:41:00,MER-003,Nova Health,Bank Transfer,USD,218263.18,Successful,Settled,Reconciled,218263.18,218263.18,0.0,Not Applicable,657.0,Slow
TXN-00817,2026-05-11 13:29:00,MER-008,CloudLearn,Wallet,NGN,156835.19,Successful,Settled,Reconciled,156835.19,156835.19,0.0,Not Applicable,357.0,Slow
TXN-00356,2026-04-26 16:32:00,MER-009,StyleHouse,Bank Transfer,USD,122461.54,Successful,Settled,Reconciled,122461.54,122461.54,0.0,Not Applicable,192.0,Normal
TXN-00324,2026-03-24 00:29:00,MER-008,CloudLearn,Bank Transfer,GBP,138304.13,Successful,Settled,Reconciled,138304.13,138304.13,0.0,Not Applicable,443.0,Slow
TXN-00877,2026-01-18 10:42:00,MER-009,StyleHouse,Wallet,GBP,205846.37,Successful,Settled,Reconciled,205846.37,205846.37,0.0,Not Applicable,141.0,Normal
TXN-00744,2026-04-07 21:32:00,MER-006,Green Energy,USSD,NGN,68236.29,Successful,Settled,Reconciled,68236.29,68236.29,0.0,Not Applicable,281.0,Normal
TXN-00236,2026-01-15 18:52:00,MER-001,SwiftMart,Wallet,GBP,162817.38,Failed,Not Settled,Unreconciled,162817.38,0.0,162817.38,Fraud Check,427.0,Slow
TXN-00579,2026-04-24 10:51:00,MER-009,StyleHouse,Mobile Money,USD,181074.28,Successful,Settled,Reconciled,181074.28,181074.28,0.0,Not Applicable,465.0,Slow
TXN-00948,2026-05-10 21:36:00,MER-004,Urban Eats,Bank Transfer,GBP,72061.7,Successful,Settled,Reconciled,72061.7,72061.7,0.0,Not Applicable,392.0,Slow
TXN-00942,2026-06-04 04:25:00,MER-010,Global Services,USSD,GBP,112927.33,Pending,Not Settled,Unreconciled,112927.33,0.0,112927.33,Pending Review,137.0,Normal
TXN-00906,2026-05-20 02:00:00,MER-002,Apex Travel,Wallet,EUR,165053.64,Pending,Not Settled,Unreconciled,165053.64,0.0,165053.64,Pending Review,553.0,Slow
TXN-00300,2026-06-09 00:54:00,MER-002,Apex Travel,Bank Transfer,USD,119900.61,Successful,Settled,Exception,119900.61,115214.18,4686.43,Not Applicable,311.0,Slow
TXN-00061,2026-06-14 01:19:00,MER-003,Nova Health,Card,GBP,128911.46,Pending,Not Settled,Unreconciled,128911.46,0.0,128911.46,Pending Review,635.0,Slow
TXN-00328,2026-01-19 19:17:00,MER-001,SwiftMart,Card,GBP,138599.53,Failed,Not Settled,Unreconciled,138599.53,0.0,138599.53,Bank Declined,613.0,Slow
TXN-00528,2026-04-14 21:09:00,MER-007,Metro Logistics,Wallet,GBP,219381.56,Successful,Settled,Reconciled,219381.56,219381.56,0.0,Not Applicable,828.0,Slow
TXN-00600,2026-06-19 05:58:00,MER-007,Metro Logistics,Wallet,NGN,65350.77,Successful,Settled,Reconciled,65350.77,65350.77,0.0,Not Applicable,519.0,Slow
TXN-00542,2026-06-24 13:29:00,MER-001,SwiftMart,Mobile Money,EUR,228991.51,Successful,Settled,Reconciled,228991.51,228991.51,0.0,Not Applicable,396.0,Slow
TXN-00650,2026-06-26 12:28:00,MER-001,SwiftMart,Card,GBP,161179.27,Pending,Pending,Exception,161179.27,0.0,161179.27,Pending Review,550.0,Slow
TXN-00918,2026-04-02 20:48:00,MER-005,Prime Electronics,USSD,GBP,50099.24,Successful,Settled,Reconciled,50099.24,50099.24,0.0,Not Applicable,258.0,Normal
TXN-00597,2026-02-13 13:19:00,MER-001,SwiftMart,Bank Transfer,NGN,249204.6,Successful,Settled,Reconciled,249204.6,249204.6,0.0,Not Applicable,362.0,Slow
TXN-00543,2026-01-05 11:56:00,MER-009,StyleHouse,Mobile Money,EUR,121752.5,Successful,Settled,Reconciled,121752.5,121752.5,0.0,Not Applicable,668.0,Slow
TXN-00963,2026-02-19 15:50:00,MER-010,Global Services,Wallet,USD,145928.49,Successful,Settled,Reconciled,145928.49,145928.49,0.0,Not Applicable,539.0,Slow
TXN-00306,2026-03-18 00:25:00,MER-005,Prime Electronics,Bank Transfer,USD,82533.33,Successful,Settled,Reconciled,82533.33,82533.33,0.0,Not Applicable,584.0,Slow
TXN-00319,2026-02-02 15:36:00,MER-006,Green Energy,Card,USD,146800.32,Pending,Not Settled,Unreconciled,146800.32,0.0,146800.32,Pending Review,841.0,Slow
TXN-00482,2026-04-07 10:53:00,MER-005,Prime Electronics,USSD,NGN,217725.2,Successful,Settlement Exception,Exception,217725.2,0.0,217725.2,Not Applicable,141.0,Normal
TXN-00494,2026-02-16 00:13:00,MER-008,CloudLearn,Bank Transfer,USD,173828.49,Pending,Not Settled,Unreconciled,173828.49,0.0,173828.49,Pending Review,10.0,Fast
TXN-00266,2026-05-21 07:31:00,MER-003,Nova Health,Card,USD,101786.17,Successful,Settled,Reconciled,101786.17,101786.17,0.0,Not Applicable,489.0,Slow
TXN-00111,2026-03-02 00:56:00,MER-007,Metro Logistics,USSD,GBP,165679.63,Successful,Settled,Exception,165679.63,165230.21,449.42,Not Applicable,834.0,Slow
TXN-00469,2026-06-15 22:28:00,MER-003,Nova Health,Bank Transfer,NGN,56020.13,Failed,Not Settled,Unreconciled,56020.13,0.0,56020.13,Bank Declined,825.0,Slow
TXN-00738,2026-06-23 01:47:00,MER-005,Prime Electronics,Bank Transfer,GBP,43835.69,Successful,Settled,Reconciled,43835.69,43835.69,0.0,Not Applicable,804.0,Slow
TXN-00526,2026-02-06 13:41:00,MER-004,Urban Eats,Wallet,GBP,171684.16,Pending,Pending,Exception,171684.16,0.0,171684.16,Pending Review,136.0,Normal
TXN-00257,2026-04-22 07:35:00,MER-008,CloudLearn,Card,USD,129718.93,Failed,Not Settled,Unreconciled,129718.93,0.0,129718.93,System Error,333.0,Slow
TXN-00261,2026-06-20 02:49:00,MER-005,Prime Electronics,Mobile Money,NGN,143411.85,Failed,Not Settled,Unreconciled,143411.85,0.0,143411.85,Invalid Account,389.0,Slow
TXN-00545,2026-05-05 18:34:00,MER-007,Metro Logistics,Card,USD,134484.78,Pending,Not Settled,Unreconciled,134484.78,0.0,134484.78,Pending Review,900.0,Slow
TXN-00406,2026-05-01 14:15:00,MER-003,Nova Health,Bank Transfer,GBP,65321.64,Successful,Settled,Reconciled,65321.64,65321.64,0.0,Not Applicable,821.0,Slow
TXN-00429,2026-05-21 23:15:00,MER-002,Apex Travel,Wallet,GBP,240143.63,Successful,Settled,Reconciled,240143.63,240143.63,0.0,Not Applicable,722.0,Slow
TXN-00629,2026-04-30 05:00:00,MER-007,Metro Logistics,Mobile Money,USD,61924.39,Successful,Settled,Reconciled,61924.39,61924.39,0.0,Not Applicable,454.0,Slow
TXN-00502,2026-05-19 00:38:00,MER-001,SwiftMart,Card,USD,165872.42,Successful,Settled,Reconciled,165872.42,165872.42,0.0,Not Applicable,337.0,Slow
TXN-00433,2026-01-24 04:23:00,MER-003,Nova Health,Card,EUR,212704.17,Failed,Not Settled,Unreconciled,212704.17,0.0,212704.17,Network Timeout,34.0,Fast
TXN-00733,2026-05-26 03:15:00,MER-001,SwiftMart,Bank Transfer,EUR,38931.03,Successful,Settled,Reconciled,38931.03,38931.03,0.0,Not Applicable,886.0,Slow
TXN-00138,2026-02-06 13:17:00,MER-003,Nova Health,Wallet,GBP,132760.01,Successful,Settled,Reconciled,132760.01,132760.01,0.0,Not Applicable,851.0,Slow
TXN-00358,2026-05-05 15:29:00,MER-008,CloudLearn,USSD,EUR,122226.01,Successful,Settled,Reconciled,122226.01,122226.01,0.0,Not Applicable,579.0,Slow
TXN-00931,2026-03-22 00:05:00,MER-007,Metro Logistics,Mobile Money,NGN,122640.61,Successful,Settled,Reconciled,122640.61,122640.61,0.0,Not Applicable,2197.0,Critical
TXN-00222,2026-04-21 03:41:00,MER-003,Nova Health,USSD,GBP,93066.14,Successful,Settled,Reconciled,93066.14,93066.14,0.0,Not Applicable,588.0,Slow
TXN-00755,2026-06-27 06:59:00,MER-008,CloudLearn,USSD,NGN,85244.47,Pending,Not Settled,Unreconciled,85244.47,0.0,85244.47,Pending Review,606.0,Slow
TXN-00595,2026-04-27 13:28:00,MER-008,CloudLearn,USSD,NGN,50506.64,Pending,Not Settled,Unreconciled,50506.64,0.0,50506.64,Pending Review,452.5,Slow
TXN-00558,2026-02-05 05:24:00,MER-006,Green Energy,USSD,EUR,82153.68,Pending,Pending,Exception,82153.68,0.0,82153.68,Pending Review,314.0,Slow
TXN-00364,2026-01-31 05:11:00,MER-010,Global Services,Bank Transfer,USD,203401.11,Successful,Settled,Reconciled,203401.11,203401.11,0.0,Not Applicable,584.0,Slow
TXN-00524,2026-06-16 17:40:00,MER-004,Urban Eats,Mobile Money,EUR,240902.03,Successful,Settled,Reconciled,240902.03,240902.03,0.0,Not Applicable,464.0,Slow
TXN-00209,2026-05-24 03:53:00,MER-009,StyleHouse,Wallet,NGN,97674.39,Successful,Settled,Reconciled,97674.39,97674.39,0.0,Not Applicable,45.0,Fast
TXN-00858,2026-01-26 09:08:00,MER-009,StyleHouse,Card,GBP,6296.42,Failed,Not Settled,Unreconciled,6296.42,0.0,6296.42,Network Timeout,862.0,Slow
TXN-00335,2026-02-27 04:41:00,MER-003,Nova Health,USSD,GBP,72932.89,Pending,Not Settled,Unreconciled,72932.89,0.0,72932.89,Pending Review,649.0,Slow
TXN-00211,2026-05-21 10:44:00,MER-010,Global Services,Mobile Money,USD,11179.49,Failed,Not Settled,Unreconciled,11179.49,0.0,11179.49,System Error,347.0,Slow
TXN-00351,2026-02-04 00:50:00,MER-006,Green Energy,Mobile Money,USD,114441.85,Successful,Settled,Reconciled,114441.85,114441.85,0.0,Not Applicable,687.0,Slow
TXN-00079,2026-06-22 20:55:00,MER-004,Urban Eats,Bank Transfer,NGN,155371.78,Successful,Settled,Reconciled,155371.78,155371.78,0.0,Not Applicable,130.0,Normal
TXN-00030,2026-03-18 19:13:00,MER-003,Nova Health,Mobile Money,EUR,62526.63,Successful,Settled,Reconciled,62526.63,62526.63,0.0,Not Applicable,454.0,Slow
TXN-00281,2026-04-08 16:42:00,MER-003,Nova Health,Bank Transfer,GBP,213636.05,Successful,Settled,Reconciled,213636.05,213636.05,0.0,Not Applicable,120.0,Normal
TXN-00508,2026-04-06 12:57:00,MER-010,Global Services,Wallet,USD,244476.1,Pending,Not Settled,Unreconciled,244476.1,0.0,244476.1,Pending Review,895.0,Slow
TXN-00653,2026-03-30 08:19:00,MER-008,CloudLearn,Wallet,GBP,135729.25,Successful,Settled,Reconciled,135729.25,135729.25,0.0,Not Applicable,195.0,Normal
TXN-00949,2026-04-20 05:48:00,MER-004,Urban Eats,Mobile Money,USD,104640.91,Successful,Settled,Reconciled,104640.91,104640.91,0.0,Not Applicable,812.0,Slow
TXN-00290,2026-01-21 13:01:00,MER-001,SwiftMart,USSD,NGN,60242.51,Successful,Settled,Reconciled,60242.51,60242.51,0.0,Not Applicable,104.0,Normal
TXN-00166,2026-03-05 21:38:00,MER-001,SwiftMart,Bank Transfer,USD,141623.64,Successful,Settled,Reconciled,141623.64,141623.64,0.0,Not Applicable,72.0,Normal
TXN-00763,2026-06-05 04:39:00,MER-005,Prime Electronics,Card,GBP,225278.82,Successful,Settled,Reconciled,225278.82,225278.82,0.0,Not Applicable,1.0,Fast
TXN-00498,2026-02-07 19:25:00,MER-008,CloudLearn,Mobile Money,USD,784.23,Pending,Pending,Exception,784.23,0.0,784.23,Pending Review,92.0,Normal
TXN-00463,2026-01-25 16:39:00,MER-009,StyleHouse,Wallet,NGN,43516.97,Successful,Settled,Exception,43516.97,43254.68,262.29,Not Applicable,858.0,Slow
TXN-00066,2026-01-10 03:24:00,MER-009,StyleHouse,Bank Transfer,NGN,114169.81,Successful,Settled,Reconciled,114169.81,114169.81,0.0,Not Applicable,684.0,Slow
TXN-00142,2026-04-23 18:50:00,MER-009,StyleHouse,Mobile Money,USD,161948.33,Pending,Not Settled,Unreconciled,161948.33,0.0,161948.33,Pending Review,844.0,Slow
TXN-00276,2026-03-26 17:20:00,MER-005,Prime Electronics,Bank Transfer,EUR,171549.8,Pending,Not Settled,Unreconciled,171549.8,0.0,171549.8,Pending Review,789.0,Slow
TXN-00834,2026-05-09 00:47:00,MER-008,CloudLearn,Wallet,NGN,244107.55,Successful,Settled,Reconciled,244107.55,244107.55,0.0,Not Applicable,791.0,Slow
TXN-00583,2026-06-13 06:55:00,MER-007,Metro Logistics,Wallet,EUR,92657.32,Successful,Settled,Reconciled,92657.32,92657.32,0.0,Not Applicable,715.0,Slow
TXN-00465,2026-06-18 00:58:00,MER-002,Apex Travel,Card,USD,93179.44,Failed,Not Settled,Unreconciled,93179.44,0.0,93179.44,Network Timeout,457.0,Slow
TXN-00669,2026-06-12 01:53:00,MER-005,Prime Electronics,Card,GBP,246100.17,Successful,Settled,Reconciled,246100.17,246100.17,0.0,Not Applicable,877.0,Slow
TXN-00320,2026-06-19 02:18:00,MER-002,Apex Travel,Mobile Money,USD,141033.15,Failed,Not Settled,Unreconciled,141033.15,0.0,141033.15,Invalid Account,855.0,Slow
TXN-00717,2026-01-01 15:26:00,MER-010,Global Services,Mobile Money,NGN,114714.8,Successful,Settled,Reconciled,114714.8,114714.8,0.0,Not Applicable,557.0,Slow
TXN-00307,2026-04-30 04:01:00,MER-006,Green Energy,Mobile Money,EUR,241630.42,Pending,Not Settled,Unreconciled,241630.42,0.0,241630.42,Pending Review,758.0,Slow
TXN-00308,2026-03-25 21:23:00,MER-003,Nova Health,Mobile Money,USD,35075.64,Failed,Not Settled,Unreconciled,35075.64,0.0,35075.64,Network Timeout,501.0,Slow
TXN-00827,2026-01-25 20:23:00,MER-002,Apex Travel,USSD,EUR,104614.13,Successful,Settled,Reconciled,104614.13,104614.13,0.0,Not Applicable,226.0,Normal
TXN-00334,2026-04-19 04:56:00,MER-003,Nova Health,Mobile Money,GBP,150842.5,Pending,Not Settled,Unreconciled,150842.5,0.0,150842.5,Pending Review,206.0,Normal
TXN-00050,2026-02-02 05:33:00,MER-007,Metro Logistics,Card,USD,184167.46,Successful,Settled,Reconciled,184167.46,184167.46,0.0,Not Applicable,802.0,Slow
TXN-00732,2026-06-01 11:15:00,MER-003,Nova Health,Bank Transfer,GBP,208472.94,Pending,Not Settled,Unreconciled,208472.94,0.0,208472.94,Pending Review,491.0,Slow
TXN-00003,2026-04-13 04:07:00,MER-004,Urban Eats,Wallet,EUR,55188.11,Failed,Not Settled,Unreconciled,55188.11,0.0,55188.11,Insufficient Funds,285.0,Normal
TXN-00787,2026-05-21 17:56:00,MER-004,Urban Eats,Wallet,USD,130036.09,Pending,Pending,Exception,130036.09,0.0,130036.09,Pending Review,707.0,Slow
TXN-00353,2026-03-06 01:50:00,MER-008,CloudLearn,Wallet,USD,203453.19,Pending,Not Settled,Unreconciled,203453.19,0.0,203453.19,Pending Review,820.0,Slow
TXN-00911,2026-02-26 19:35:00,MER-010,Global Services,Card,NGN,217248.1,Successful,Settled,Reconciled,217248.1,217248.1,0.0,Not Applicable,346.0,Slow
TXN-00539,2026-01-30 00:18:00,MER-007,Metro Logistics,Wallet,EUR,23077.19,Successful,Settled,Reconciled,23077.19,23077.19,0.0,Not Applicable,219.0,Normal
TXN-00347,2026-06-04 14:07:00,MER-006,Green Energy,Card,USD,232487.62,Pending,Pending,Exception,232487.62,0.0,232487.62,Pending Review,250.0,Normal
TXN-00484,2026-03-30 18:16:00,MER-006,Green Energy,Bank Transfer,GBP,158661.29,Successful,Settled,Reconciled,158661.29,158661.29,0.0,Not Applicable,463.0,Slow
TXN-00034,2026-04-16 10:28:00,MER-009,StyleHouse,Card,GBP,14385.6,Failed,Not Settled,Unreconciled,14385.6,0.0,14385.6,Fraud Check,489.0,Slow
TXN-00032,2026-06-07 09:42:00,MER-007,Metro Logistics,Card,USD,94805.38,Successful,Settled,Reconciled,94805.38,94805.38,0.0,Not Applicable,272.0,Normal
TXN-00232,2026-06-01 08:24:00,MER-002,Apex Travel,Wallet,USD,76100.72,Successful,Settled,Reconciled,76100.72,76100.72,0.0,Not Applicable,331.0,Slow
TXN-00753,2026-05-20 19:11:00,MER-006,Green Energy,Wallet,USD,127036.62,Successful,Settled,Reconciled,127036.62,127036.62,0.0,Not Applicable,838.0,Slow
TXN-00193,2026-05-20 11:23:00,MER-008,CloudLearn,Bank Transfer,USD,249994.16,Successful,Settled,Reconciled,249994.16,249994.16,0.0,Not Applicable,80.0,Normal
TXN-00514,2026-01-19 16:27:00,MER-007,Metro Logistics,USSD,NGN,139327.04,Successful,Settled,Reconciled,139327.04,139327.04,0.0,Not Applicable,846.0,Slow
TXN-00004,2026-05-19 03:16:00,MER-003,Nova Health,USSD,GBP,69540.05,Successful,Settled,Reconciled,69540.05,69540.05,0.0,Not Applicable,782.0,Slow
TXN-00205,2026-06-21 03:54:00,MER-010,Global Services,Wallet,EUR,27885.6,Successful,Settled,Reconciled,27885.6,27885.6,0.0,Not Applicable,244.0,Normal
TXN-00434,2026-04-20 15:52:00,MER-006,Green Energy,Wallet,USD,159947.73,Successful,Settled,Reconciled,159947.73,159947.73,0.0,Not Applicable,509.0,Slow
TXN-00809,2026-02-01 08:34:00,MER-001,SwiftMart,Mobile Money,NGN,114100.53,Successful,Settled,Reconciled,114100.53,114100.53,0.0,Not Applicable,856.0,Slow
TXN-00987,2026-06-28 07:26:00,MER-007,Metro Logistics,USSD,GBP,9350.6,Successful,Settled,Reconciled,9350.6,9350.6,0.0,Not Applicable,498.0,Slow
TXN-00110,2026-04-26 13:25:00,MER-008,CloudLearn,Card,EUR,87055.47,Successful,Settled,Reconciled,87055.47,87055.47,0.0,Not Applicable,329.0,Slow
TXN-00943,2026-02-01 13:56:00,MER-010,Global Services,Mobile Money,GBP,49746.06,Successful,Settled,Reconciled,49746.06,49746.06,0.0,Not Applicable,377.0,Slow
TXN-00078,2026-06-23 07:00:00,MER-006,Green Energy,Bank Transfer,NGN,195330.14,Pending,Pending,Exception,195330.14,0.0,195330.14,Pending Review,42.0,Fast
TXN-00085,2026-04-26 16:54:00,MER-008,CloudLearn,Bank Transfer,EUR,44116.63,Failed,Not Settled,Unreconciled,44116.63,0.0,44116.63,Bank Declined,667.0,Slow
TXN-00589,2026-03-17 05:25:00,MER-009,StyleHouse,Wallet,EUR,44762.03,Failed,Not Settled,Unreconciled,44762.03,0.0,44762.03,Invalid Account,569.0,Slow
TXN-00083,2026-05-25 22:46:00,MER-010,Global Services,Card,GBP,133233.04,Pending,Pending,Exception,133233.04,0.0,133233.04,Pending Review,380.0,Slow
TXN-00255,2026-04-06 10:24:00,MER-010,Global Services,USSD,USD,205433.16,Successful,Settled,Reconciled,205433.16,205433.16,0.0,Not Applicable,33.0,Fast
TXN-00925,2026-01-25 20:04:00,MER-001,SwiftMart,Mobile Money,GBP,164701.81,Successful,Settled,Reconciled,164701.81,164701.81,0.0,Not Applicable,660.0,Slow
TXN-00409,2026-02-07 19:10:00,MER-008,CloudLearn,Mobile Money,EUR,66325.48,Successful,Settled,Reconciled,66325.48,66325.48,0.0,Not Applicable,93.0,Normal
TXN-00654,2026-02-28 22:10:00,MER-008,CloudLearn,Mobile Money,USD,17312.26,Successful,Settled,Reconciled,17312.26,17312.26,0.0,Not Applicable,461.0,Slow
TXN-00522,2026-03-20 18:58:00,MER-010,Global Services,USSD,USD,172985.25,Successful,Settled,Reconciled,172985.25,172985.25,0.0,Not Applicable,749.0,Slow
TXN-00921,2026-06-20 03:29:00,MER-010,Global Services,Card,USD,91132.24,Successful,Settled,Reconciled,91132.24,91132.24,0.0,Not Applicable,247.0,Normal
TXN-00437,2026-01-20 16:00:00,MER-001,SwiftMart,Card,EUR,109611.21,Successful,Settled,Reconciled,109611.21,109611.21,0.0,Not Applicable,171.0,Normal
TXN-00006,2026-06-27 03:36:00,MER-007,Metro Logistics,Card,GBP,207368.23,Failed,Not Settled,Unreconciled,207368.23,0.0,207368.23,Bank Declined,883.0,Slow
TXN-00405,2026-01-16 10:56:00,MER-010,Global Services,Card,USD,159340.2,Successful,Settled,Reconciled,159340.2,159340.2,0.0,Not Applicable,77.0,Normal
TXN-00468,2026-02-07 15:13:00,MER-005,Prime Electronics,USSD,NGN,216171.02,Pending,Not Settled,Unreconciled,216171.02,0.0,216171.02,Pending Review,10.0,Fast
TXN-00098,2026-01-10 08:28:00,MER-005,Prime Electronics,USSD,NGN,205546.7,Successful,Settled,Reconciled,205546.7,205546.7,0.0,Not Applicable,504.0,Slow
TXN-00560,2026-05-10 15:38:00,MER-007,Metro Logistics,Mobile Money,GBP,33663.03,Pending,Not Settled,Unreconciled,33663.03,0.0,33663.03,Pending Review,340.0,Slow
TXN-00360,2026-05-20 10:21:00,MER-008,CloudLearn,Wallet,NGN,143221.24,Successful,Settled,Reconciled,143221.24,143221.24,0.0,Not Applicable,794.0,Slow
TXN-00875,2026-06-20 10:49:00,MER-002,Apex Travel,Wallet,USD,191633.97,Successful,Settled,Reconciled,191633.97,191633.97,0.0,Not Applicable,784.0,Slow
TXN-00267,2026-02-22 06:59:00,MER-006,Green Energy,Mobile Money,NGN,226993.45,Successful,Settled,Reconciled,226993.45,226993.45,0.0,Not Applicable,2065.0,Critical
TXN-00678,2026-05-16 16:19:00,MER-001,SwiftMart,Wallet,EUR,65713.24,Successful,Settled,Reconciled,65713.24,65713.24,0.0,Not Applicable,514.0,Slow
TXN-00383,2026-02-07 09:36:00,MER-009,StyleHouse,Wallet,USD,186986.13,Successful,Settled,Reconciled,186986.13,186986.13,0.0,Not Applicable,662.0,Slow
TXN-00694,2026-06-21 20:59:00,MER-009,StyleHouse,Mobile Money,USD,38011.87,Successful,Settled,Reconciled,38011.87,38011.87,0.0,Not Applicable,673.0,Slow
TXN-00412,2026-01-06 15:47:00,MER-007,Metro Logistics,USSD,USD,23771.85,Successful,Settled,Reconciled,23771.85,23771.85,0.0,Not Applicable,824.0,Slow
TXN-00888,2026-04-07 06:31:00,MER-004,Urban Eats,Bank Transfer,GBP,43026.19,Failed,Not Settled,Unreconciled,43026.19,0.0,43026.19,System Error,5.0,Fast
TXN-00119,2026-06-20 01:47:00,MER-009,StyleHouse,Mobile Money,NGN,70781.46,Successful,Settled,Reconciled,70781.46,70781.46,0.0,Not Applicable,858.0,Slow
TXN-00431,2026-06-24 21:11:00,MER-008,CloudLearn,Mobile Money,USD,176825.01,Failed,Not Settled,Unreconciled,176825.01,0.0,176825.01,Fraud Check,711.0,Slow
TXN-00251,2026-06-19 13:12:00,MER-010,Global Services,Mobile Money,USD,98299.35,Failed,Not Settled,Unreconciled,98299.35,0.0,98299.35,Bank Declined,758.0,Slow
TXN-00343,2026-04-12 13:54:00,MER-010,Global Services,Wallet,USD,111500.06,Successful,Settled,Reconciled,111500.06,111500.06,0.0,Not Applicable,475.0,Slow
TXN-00010,2026-06-18 11:05:00,MER-009,StyleHouse,Bank Transfer,GBP,210728.69,Successful,Settled,Reconciled,210728.69,210728.69,0.0,Not Applicable,235.0,Normal
TXN-00197,2026-04-22 03:43:00,MER-005,Prime Electronics,USSD,USD,133549.39,Successful,Settled,Reconciled,133549.39,133549.39,0.0,Not Applicable,829.0,Slow
TXN-00986,2026-05-31 23:55:00,MER-007,Metro Logistics,Card,GBP,2067.78,Pending,Not Settled,Unreconciled,2067.78,0.0,2067.78,Pending Review,868.0,Slow
TXN-00082,2026-03-14 05:00:00,MER-004,Urban Eats,Card,USD,25565.14,Successful,Settled,Reconciled,25565.14,25565.14,0.0,Not Applicable,871.0,Slow
TXN-00914,2026-02-07 11:37:00,MER-006,Green Energy,USSD,GBP,41740.14,Successful,Settlement Exception,Exception,41740.14,0.0,41740.14,Not Applicable,373.0,Slow
TXN-00479,2026-06-22 09:10:00,MER-006,Green Energy,Card,USD,88885.32,Pending,Not Settled,Unreconciled,88885.32,0.0,88885.32,Pending Review,893.0,Slow
TXN-00697,2026-05-26 15:42:00,MER-004,Urban Eats,Bank Transfer,GBP,172164.17,Failed,Not Settled,Unreconciled,172164.17,0.0,172164.17,Invalid Account,139.0,Normal
TXN-00240,2026-03-04 20:56:00,MER-007,Metro Logistics,Bank Transfer,GBP,128793.54,Successful,Settled,Reconciled,128793.54,128793.54,0.0,Not Applicable,327.0,Slow
TXN-00293,2026-04-16 03:01:00,MER-010,Global Services,Mobile Money,USD,75510.93,Successful,Settled,Reconciled,75510.93,75510.93,0.0,Not Applicable,677.0,Slow
TXN-00212,2026-02-01 20:58:00,MER-008,CloudLearn,USSD,USD,202893.27,Successful,Settled,Reconciled,202893.27,202893.27,0.0,Not Applicable,734.0,Slow
TXN-00723,2026-04-11 05:02:00,MER-002,Apex Travel,Mobile Money,EUR,33722.99,Pending,Not Settled,Unreconciled,33722.99,0.0,33722.99,Pending Review,881.0,Slow
TXN-00362,2026-02-24 04:42:00,MER-001,SwiftMart,USSD,GBP,87209.39,Successful,Settled,Reconciled,87209.39,87209.39,0.0,Not Applicable,450.0,Slow
TXN-00452,2026-01-22 21:31:00,MER-008,CloudLearn,Bank Transfer,USD,243044.0,Successful,Settled,Reconciled,243044.0,243044.0,0.0,Not Applicable,130.0,Normal
TXN-00228,2026-01-05 18:50:00,MER-006,Green Energy,Wallet,GBP,116904.72,Failed,Not Settled,Unreconciled,116904.72,0.0,116904.72,Fraud Check,133.0,Normal
TXN-00908,2026-04-23 07:27:00,MER-006,Green Energy,Mobile Money,GBP,15449.85,Failed,Not Settled,Unreconciled,15449.85,0.0,15449.85,Network Timeout,47.0,Fast
TXN-00363,2026-05-28 19:11:00,MER-004,Urban Eats,Bank Transfer,GBP,215276.07,Failed,Not Settled,Unreconciled,215276.07,0.0,215276.07,Invalid Account,648.0,Slow
TXN-00803,2026-06-26 03:07:00,UNKNOWN,Metro Logistics,Bank Transfer,GBP,174000.98,Successful,Settled,Reconciled,174000.98,174000.98,0.0,Not Applicable,646.0,Slow
TXN-00658,2026-06-02 01:00:00,MER-003,Nova Health,Bank Transfer,NGN,50599.55,Successful,Settled,Reconciled,50599.55,50599.55,0.0,Not Applicable,197.0,Normal
TXN-00708,2026-06-25 05:37:00,MER-001,SwiftMart,Bank Transfer,GBP,109944.51,Successful,Settled,Reconciled,109944.51,109944.51,0.0,Not Applicable,793.0,Slow
TXN-00645,2026-04-05 20:53:00,MER-004,Urban Eats,USSD,EUR,170392.44,Successful,Settled,Reconciled,170392.44,170392.44,0.0,Not Applicable,331.0,Slow
TXN-00582,2026-06-09 18:57:00,MER-009,StyleHouse,Wallet,NGN,23388.17,Pending,Pending,Exception,23388.17,0.0,23388.17,Pending Review,134.0,Normal
TXN-00778,2026-02-20 13:56:00,MER-005,Prime Electronics,Bank Transfer,GBP,68876.76,Successful,Settled,Reconciled,68876.76,68876.76,0.0,Not Applicable,15.0,Fast
TXN-00371,2026-06-26 05:49:00,MER-007,Metro Logistics,Bank Transfer,EUR,67207.36,Successful,Settled,Reconciled,67207.36,67207.36,0.0,Not Applicable,346.0,Slow
TXN-00008,2026-03-11 04:47:00,MER-005,Prime Electronics,USSD,GBP,40747.26,Successful,Settled,Reconciled,40747.26,40747.26,0.0,Not Applicable,215.0,Normal
TXN-00156,2026-03-22 17:57:00,MER-002,Apex Travel,Card,GBP,152113.53,Successful,Settled,Reconciled,152113.53,152113.53,0.0,Not Applicable,130.0,Normal
TXN-00544,2026-06-22 14:48:00,MER-002,Apex Travel,Bank Transfer,NGN,156770.58,Successful,Settled,Reconciled,156770.58,156770.58,0.0,Not Applicable,687.0,Slow
TXN-00443,2026-05-13 21:18:00,MER-009,StyleHouse,Mobile Money,GBP,74420.42,Successful,Settled,Reconciled,74420.42,74420.42,0.0,Not Applicable,51.0,Fast
TXN-00823,2026-03-18 06:55:00,MER-004,Urban Eats,Mobile Money,USD,194765.92,Successful,Settled,Reconciled,194765.92,194765.92,0.0,Not Applicable,1563.0,Critical
TXN-00399,2026-01-13 13:08:00,MER-008,CloudLearn,Mobile Money,GBP,81892.5,Failed,Not Settled,Unreconciled,81892.5,0.0,81892.5,Insufficient Funds,468.0,Slow
TXN-00784,2026-02-17 19:25:00,MER-003,Nova Health,Wallet,EUR,3064.57,Successful,Settled,Reconciled,3064.57,3064.57,0.0,Not Applicable,392.0,Slow
TXN-00569,2026-01-08 19:01:00,MER-004,Urban Eats,Wallet,GBP,97084.47,Successful,Settled,Reconciled,97084.47,97084.47,0.0,Not Applicable,48.0,Fast
TXN-00592,2026-05-26 18:59:00,MER-009,StyleHouse,Wallet,NGN,40268.43,Pending,Pending,Exception,40268.43,0.0,40268.43,Pending Review,6.0,Fast
TXN-00581,2026-05-05 14:02:00,MER-007,Metro Logistics,Bank Transfer,NGN,44437.8,Failed,Not Settled,Unreconciled,44437.8,0.0,44437.8,Insufficient Funds,615.0,Slow
TXN-00941,2026-04-15 19:44:00,MER-002,Apex Travel,Card,USD,62475.93,Pending,Pending,Exception,62475.93,0.0,62475.93,Pending Review,787.0,Slow
TXN-00696,2026-06-15 14:41:00,MER-010,Global Services,Mobile Money,EUR,135604.21,Successful,Settled,Reconciled,135604.21,135604.21,0.0,Not Applicable,669.0,Slow
TXN-00869,2026-01-05 21:15:00,MER-001,SwiftMart,Bank Transfer,GBP,75112.34,Pending,Not Settled,Unreconciled,75112.34,0.0,75112.34,Pending Review,855.0,Slow
TXN-00533,2026-01-03 08:38:00,MER-005,Prime Electronics,Bank Transfer,EUR,207512.87,Pending,Not Settled,Unreconciled,207512.87,0.0,207512.87,Pending Review,722.0,Slow
TXN-00586,2026-02-16 22:22:00,MER-004,Urban Eats,Card,NGN,144538.99,Successful,Settled,Reconciled,144538.99,144538.99,0.0,Not Applicable,533.0,Slow
TXN-00713,2026-05-11 18:37:00,MER-002,Apex Travel,Card,NGN,176586.05,Pending,Pending,Exception,176586.05,0.0,176586.05,Pending Review,372.0,Slow
TXN-00451,2026-04-15 06:13:00,MER-004,Urban Eats,USSD,GBP,19830.87,Pending,Pending,Exception,19830.87,0.0,19830.87,Pending Review,36.0,Fast
TXN-00781,2026-04-01 06:49:00,MER-007,Metro Logistics,USSD,USD,165200.76,Pending,Pending,Exception,165200.76,0.0,165200.76,Pending Review,653.0,Slow
TXN-00229,2026-06-10 23:19:00,MER-002,Apex Travel,Card,GBP,99600.18,Pending,Not Settled,Unreconciled,99600.18,0.0,99600.18,Pending Review,737.0,Slow
TXN-00591,2026-01-22 16:17:00,MER-004,Urban Eats,USSD,USD,25159.63,Failed,Not Settled,Unreconciled,25159.63,0.0,25159.63,Bank Declined,411.0,Slow
TXN-00824,2026-06-08 08:35:00,MER-004,Urban Eats,USSD,USD,18475.08,Failed,Not Settled,Unreconciled,18475.08,0.0,18475.08,Insufficient Funds,497.0,Slow
TXN-00213,2026-02-23 10:04:00,MER-004,Urban Eats,Card,USD,221459.02,Successful,Settled,Reconciled,221459.02,221459.02,0.0,Not Applicable,318.0,Slow
TXN-00080,2026-06-22 12:48:00,MER-004,Urban Eats,USSD,GBP,191747.83,Successful,Settled,Reconciled,191747.83,191747.83,0.0,Not Applicable,621.0,Slow
TXN-00149,2026-05-24 05:33:00,MER-006,Green Energy,Bank Transfer,USD,196765.83,Successful,Settled,Reconciled,196765.83,196765.83,0.0,Not Applicable,71.0,Normal
TXN-00303,2026-02-17 14:46:00,MER-006,Green Energy,Wallet,EUR,116554.42,Pending,Not Settled,Unreconciled,116554.42,0.0,116554.42,Pending Review,481.0,Slow
TXN-00866,2026-06-19 21:00:00,MER-010,Global Services,USSD,NGN,1754.06,Pending,Not Settled,Unreconciled,1754.06,0.0,1754.06,Pending Review,280.0,Normal
TXN-00329,2026-06-07 05:38:00,MER-007,Metro Logistics,Card,GBP,103511.14,Successful,Settled,Reconciled,103511.14,103511.14,0.0,Not Applicable,743.0,Slow
TXN-00930,2026-05-27 16:46:00,MER-004,Urban Eats,USSD,USD,36155.05,Successful,Settlement Exception,Exception,36155.05,0.0,36155.05,Not Applicable,220.0,Normal
TXN-00345,2026-06-01 08:04:00,MER-003,Nova Health,Mobile Money,GBP,85832.36,Successful,Settled,Reconciled,85832.36,85832.36,0.0,Not Applicable,534.0,Slow
TXN-00546,2026-04-28 16:52:00,MER-002,Apex Travel,Bank Transfer,NGN,114860.39,Successful,Settled,Reconciled,114860.39,114860.39,0.0,Not Applicable,39.0,Fast
TXN-00507,2026-06-17 13:16:00,MER-008,CloudLearn,Card,EUR,110227.9,Successful,Settled,Exception,110227.9,105884.92,4342.98,Not Applicable,268.0,Normal
TXN-00134,2026-01-04 23:51:00,MER-007,Metro Logistics,Mobile Money,NGN,141525.66,Pending,Pending,Exception,141525.66,0.0,141525.66,Pending Review,797.0,Slow
TXN-00553,2026-01-08 14:30:00,MER-001,SwiftMart,Wallet,EUR,134334.3,Successful,Settled,Reconciled,134334.3,134334.3,0.0,Not Applicable,313.0,Slow
TXN-00312,2026-01-03 03:46:00,MER-001,SwiftMart,Wallet,GBP,133980.95,Successful,Settled,Reconciled,133980.95,133980.95,0.0,Not Applicable,18.0,Fast
TXN-00568,2026-06-26 04:06:00,MER-003,Nova Health,USSD,GBP,10200.91,Successful,Settled,Reconciled,10200.91,10200.91,0.0,Not Applicable,238.0,Normal
TXN-00001,2026-04-27 09:41:00,MER-002,Apex Travel,Card,GBP,61298.47,Successful,Settled,Reconciled,61298.47,61298.47,0.0,Not Applicable,755.0,Slow
TXN-00317,2026-04-14 00:15:00,MER-002,Apex Travel,Wallet,NGN,57518.65,Pending,Not Settled,Unreconciled,57518.65,0.0,57518.65,Pending Review,581.0,Slow
TXN-00712,2026-06-10 15:54:00,MER-008,CloudLearn,Card,GBP,81086.29,Pending,Pending,Exception,81086.29,0.0,81086.29,Pending Review,729.0,Slow
TXN-00550,2026-05-24 05:58:00,MER-005,Prime Electronics,Wallet,NGN,70451.21,Successful,Settled,Reconciled,70451.21,70451.21,0.0,Not Applicable,391.0,Slow
TXN-00618,2026-01-28 05:23:00,MER-008,CloudLearn,Card,USD,105438.02,Successful,Settled,Reconciled,105438.02,105438.02,0.0,Not Applicable,870.0,Slow
TXN-00535,2026-01-14 13:21:00,MER-003,Nova Health,Bank Transfer,NGN,94361.84,Successful,Settled,Reconciled,94361.84,94361.84,0.0,Not Applicable,286.0,Normal
TXN-00480,2026-03-18 13:04:00,MER-006,Green Energy,Mobile Money,GBP,146434.12,Successful,Settled,Reconciled,146434.12,146434.12,0.0,Not Applicable,872.0,Slow
TXN-00779,2026-06-15 16:25:00,MER-010,Global Services,Bank Transfer,EUR,92504.73,Successful,Settled,Reconciled,92504.73,92504.73,0.0,Not Applicable,268.0,Normal
TXN-00173,2026-03-20 09:33:00,MER-003,Nova Health,Bank Transfer,EUR,133192.33,Successful,Settled,Reconciled,133192.33,133192.33,0.0,Not Applicable,513.0,Slow
TXN-00126,2026-05-03 18:18:00,MER-009,StyleHouse,USSD,GBP,156737.11,Successful,Settled,Reconciled,156737.11,156737.11,0.0,Not Applicable,894.0,Slow
TXN-00425,2026-05-09 01:25:00,MER-006,Green Energy,Wallet,USD,140820.91,Successful,Settlement Exception,Exception,140820.91,0.0,140820.91,Not Applicable,857.0,Slow
TXN-00423,2026-02-18 12:28:00,MER-009,StyleHouse,Card,USD,143965.46,Successful,Settled,Reconciled,143965.46,143965.46,0.0,Not Applicable,364.0,Slow
TXN-00555,2026-02-03 11:52:00,MER-004,Urban Eats,Wallet,GBP,48662.12,Successful,Settled,Reconciled,48662.12,48662.12,0.0,Not Applicable,688.0,Slow
TXN-00910,2026-01-18 17:19:00,MER-007,Metro Logistics,Mobile Money,GBP,103041.21,Successful,Settled,Reconciled,103041.21,103041.21,0.0,Not Applicable,678.0,Slow
TXN-00091,2026-03-23 14:06:00,MER-001,SwiftMart,Card,GBP,55476.94,Pending,Not Settled,Unreconciled,55476.94,0.0,55476.94,Pending Review,250.0,Normal
TXN-00946,2026-01-10 01:30:00,MER-007,Metro Logistics,Wallet,EUR,150138.14,Successful,Settled,Reconciled,150138.14,150138.14,0.0,Not Applicable,92.0,Normal
TXN-00182,2026-03-22 01:21:00,MER-002,Apex Travel,USSD,EUR,157883.14,Successful,Settled,Reconciled,157883.14,157883.14,0.0,Not Applicable,606.0,Slow
TXN-00275,2026-03-02 00:09:00,MER-005,Prime Electronics,Wallet,NGN,65462.13,Successful,Settled,Reconciled,65462.13,65462.13,0.0,Not Applicable,710.0,Slow
TXN-00902,2026-05-25 07:29:00,MER-008,CloudLearn,Bank Transfer,GBP,165557.1,Successful,Settled,Reconciled,165557.1,165557.1,0.0,Not Applicable,517.0,Slow
TXN-00070,2026-04-09 07:57:00,MER-002,Apex Travel,Bank Transfer,USD,57892.24,Pending,Pending,Exception,57892.24,0.0,57892.24,Pending Review,157.0,Normal
TXN-00292,2026-01-11 06:36:00,MER-003,Nova Health,Wallet,GBP,58616.96,Pending,Not Settled,Unreconciled,58616.96,0.0,58616.96,Pending Review,590.0,Slow
TXN-00132,2026-04-17 23:08:00,MER-005,Prime Electronics,USSD,GBP,114263.27,Successful,Settlement Exception,Exception,114263.27,0.0,114263.27,Not Applicable,204.0,Normal
TXN-00301,2026-06-25 03:22:00,MER-002,Apex Travel,USSD,USD,173937.01,Pending,Not Settled,Unreconciled,173937.01,0.0,173937.01,Pending Review,210.0,Normal
TXN-00584,2026-05-27 01:18:00,MER-008,CloudLearn,USSD,GBP,147303.12,Pending,Pending,Exception,147303.12,0.0,147303.12,Pending Review,780.0,Slow
TXN-00327,2026-03-07 12:30:00,MER-005,Prime Electronics,Card,USD,21915.58,Successful,Settled,Reconciled,21915.58,21915.58,0.0,Not Applicable,460.0,Slow
TXN-00145,2026-04-09 08:08:00,MER-007,Metro Logistics,Wallet,USD,221364.9,Pending,Not Settled,Unreconciled,221364.9,0.0,221364.9,Pending Review,102.0,Normal
TXN-00426,2026-06-10 11:53:00,MER-008,CloudLearn,Wallet,GBP,43971.64,Successful,Settled,Reconciled,43971.64,43971.64,0.0,Not Applicable,93.0,Normal
TXN-00585,2026-03-19 10:59:00,MER-003,Nova Health,Mobile Money,EUR,191488.14,Successful,Settled,Reconciled,191488.14,191488.14,0.0,Not Applicable,291.0,Normal
TXN-00136,2026-02-04 14:41:00,MER-010,Global Services,Mobile Money,USD,157099.2,Pending,Pending,Exception,157099.2,0.0,157099.2,Pending Review,662.0,Slow
TXN-00667,2026-02-28 21:10:00,UNKNOWN,Global Services,Bank Transfer,USD,93828.26,Failed,Not Settled,Unreconciled,93828.26,0.0,93828.26,Bank Declined,763.0,Slow
TXN-00165,2026-04-22 16:44:00,MER-009,StyleHouse,Card,GBP,7335.4,Successful,Settled,Reconciled,7335.4,7335.4,0.0,Not Applicable,720.0,Slow
TXN-00029,2026-03-15 07:04:00,MER-006,Green Energy,Card,USD,47978.36,Failed,Not Settled,Unreconciled,47978.36,0.0,47978.36,Network Timeout,460.0,Slow
TXN-00937,2026-05-20 13:56:00,MER-007,Metro Logistics,Card,GBP,216624.5,Successful,Settled,Reconciled,216624.5,216624.5,0.0,Not Applicable,483.0,Slow
TXN-00194,2026-04-03 10:07:00,MER-009,StyleHouse,Wallet,NGN,165516.12,Failed,Not Settled,Unreconciled,165516.12,0.0,165516.12,Fraud Check,135.0,Normal
TXN-00998,2026-01-21 04:39:00,MER-002,Apex Travel,Wallet,NGN,205920.2,Successful,Settled,Reconciled,205920.2,205920.2,0.0,Not Applicable,520.0,Slow
TXN-00751,2026-06-16 04:21:00,MER-006,Green Energy,USSD,USD,174933.69,Pending,Not Settled,Unreconciled,174933.69,0.0,174933.69,Pending Review,339.0,Slow
TXN-00170,2026-01-21 17:16:00,MER-006,Green Energy,USSD,NGN,70883.29,Pending,Not Settled,Unreconciled,70883.29,0.0,70883.29,Pending Review,608.0,Slow
TXN-00491,2026-03-15 10:26:00,MER-001,SwiftMart,Bank Transfer,USD,181819.49,Successful,Settled,Reconciled,181819.49,181819.49,0.0,Not Applicable,217.0,Normal
TXN-00141,2026-03-09 02:22:00,MER-005,Prime Electronics,Wallet,EUR,205622.08,Successful,Settled,Reconciled,205622.08,205622.08,0.0,Not Applicable,111.0,Normal
TXN-00174,2026-03-06 11:22:00,MER-002,Apex Travel,USSD,NGN,109111.28,Successful,Settled,Reconciled,109111.28,109111.28,0.0,Not Applicable,80.0,Normal
TXN-00007,2026-04-16 02:29:00,MER-004,Urban Eats,Card,NGN,165349.7,Successful,Settled,Reconciled,165349.7,165349.7,0.0,Not Applicable,82.0,Normal
TXN-00851,2026-02-21 18:29:00,MER-008,CloudLearn,Bank Transfer,USD,177981.86,Successful,Settlement Exception,Exception,177981.86,0.0,177981.86,Not Applicable,187.0,Normal
TXN-00636,2026-03-16 22:54:00,MER-009,StyleHouse,USSD,EUR,62549.04,Pending,Not Settled,Unreconciled,62549.04,0.0,62549.04,Pending Review,755.0,Slow
TXN-00074,2026-05-02 18:21:00,MER-007,Metro Logistics,Bank Transfer,EUR,229893.45,Failed,Not Settled,Unreconciled,229893.45,0.0,229893.45,Insufficient Funds,547.0,Slow
TXN-00688,2026-02-19 09:14:00,MER-001,SwiftMart,USSD,NGN,16742.79,Pending,Not Settled,Unreconciled,16742.79,0.0,16742.79,Pending Review,278.0,Normal
TXN-00984,2026-06-03 07:08:00,MER-009,StyleHouse,Bank Transfer,NGN,75299.38,Successful,Settled,Exception,75299.38,74460.51,838.87,Not Applicable,152.0,Normal
TXN-00239,2026-03-03 22:19:00,MER-010,Global Services,Bank Transfer,GBP,215385.12,Successful,Settlement Exception,Exception,215385.12,0.0,215385.12,Not Applicable,752.0,Slow
TXN-00146,2026-04-23 01:49:00,MER-007,Metro Logistics,Mobile Money,NGN,172601.14,Successful,Settled,Reconciled,172601.14,172601.14,0.0,Not Applicable,455.0,Slow
TXN-00799,2026-05-21 08:30:00,MER-008,CloudLearn,USSD,EUR,101037.8,Pending,Pending,Exception,101037.8,0.0,101037.8,Pending Review,800.0,Slow
TXN-00235,2026-04-30 22:02:00,MER-010,Global Services,Wallet,GBP,210648.25,Failed,Not Settled,Unreconciled,210648.25,0.0,210648.25,Insufficient Funds,43.0,Fast
TXN-00221,2026-01-07 08:02:00,MER-003,Nova Health,Card,USD,194650.99,Successful,Settled,Reconciled,194650.99,194650.99,0.0,Not Applicable,371.0,Slow
TXN-00478,2026-02-23 11:33:00,MER-002,Apex Travel,USSD,USD,185255.63,Pending,Pending,Exception,185255.63,0.0,185255.63,Pending Review,828.0,Slow
TXN-00881,2026-02-01 08:23:00,MER-005,Prime Electronics,Card,NGN,55667.23,Pending,Pending,Exception,55667.23,0.0,55667.23,Pending Review,146.0,Normal
TXN-00133,2026-06-05 08:16:00,MER-008,CloudLearn,Card,USD,95402.94,Successful,Settled,Reconciled,95402.94,95402.94,0.0,Not Applicable,589.0,Slow
TXN-00999,2026-06-08 12:53:00,MER-004,Urban Eats,Mobile Money,USD,182114.48,Pending,Not Settled,Unreconciled,182114.48,0.0,182114.48,Pending Review,452.5,Slow
TXN-00844,2026-06-28 01:18:00,MER-002,Apex Travel,Bank Transfer,EUR,21918.46,Successful,Settled,Reconciled,21918.46,21918.46,0.0,Not Applicable,184.0,Normal
TXN-00186,2026-01-19 20:12:00,MER-006,Green Energy,Card,USD,9881.62,Pending,Not Settled,Unreconciled,9881.62,0.0,9881.62,Pending Review,449.0,Slow
TXN-00042,2026-05-02 13:56:00,MER-009,StyleHouse,Mobile Money,NGN,234738.61,Successful,Settled,Reconciled,234738.61,234738.61,0.0,Not Applicable,271.0,Normal
TXN-01000,2026-05-14 08:34:00,MER-002,Apex Travel,Bank Transfer,GBP,83718.42,Successful,Settled,Reconciled,83718.42,83718.42,0.0,Not Applicable,126.0,Normal
TXN-00109,2026-04-15 21:39:00,MER-001,SwiftMart,Bank Transfer,EUR,129789.06,Successful,Settled,Reconciled,129789.06,129789.06,0.0,Not Applicable,285.0,Normal
TXN-00924,2026-01-06 01:02:00,MER-004,Urban Eats,Mobile Money,EUR,121397.05,Successful,Settled,Exception,121397.05,120591.85,805.2,Not Applicable,433.0,Slow
TXN-00057,2026-05-06 00:55:00,MER-004,Urban Eats,Mobile Money,EUR,17586.46,Pending,Not Settled,Unreconciled,17586.46,0.0,17586.46,Pending Review,2212.0,Critical
TXN-00531,2026-04-13 06:54:00,MER-004,Urban Eats,Wallet,EUR,59475.11,Pending,Pending,Exception,59475.11,0.0,59475.11,Pending Review,295.0,Normal
TXN-00873,2026-06-03 21:05:00,MER-005,Prime Electronics,Bank Transfer,NGN,36619.67,Successful,Settled,Reconciled,36619.67,36619.67,0.0,Not Applicable,900.0,Slow
TXN-00604,2026-05-08 15:29:00,MER-004,Urban Eats,Mobile Money,EUR,238865.88,Failed,Not Settled,Unreconciled,238865.88,0.0,238865.88,Insufficient Funds,549.0,Slow
TXN-00867,2026-02-01 20:07:00,MER-009,StyleHouse,USSD,USD,49894.46,Successful,Settled,Reconciled,49894.46,49894.46,0.0,Not Applicable,297.0,Normal
TXN-00025,2026-02-10 02:08:00,MER-001,SwiftMart,Card,NGN,57312.55,Successful,Settled,Reconciled,57312.55,57312.55,0.0,Not Applicable,881.0,Slow
TXN-00651,2026-01-23 21:44:00,MER-008,CloudLearn,Bank Transfer,GBP,245420.76,Pending,Not Settled,Unreconciled,245420.76,0.0,245420.76,Pending Review,775.0,Slow
TXN-00449,2026-05-17 22:33:00,MER-002,Apex Travel,Card,GBP,202064.22,Successful,Settled,Reconciled,202064.22,202064.22,0.0,Not Applicable,775.0,Slow
TXN-00534,2026-05-18 11:06:00,MER-010,Global Services,Wallet,USD,194059.07,Successful,Settled,Reconciled,194059.07,194059.07,0.0,Not Applicable,302.0,Slow
TXN-00623,2026-05-22 00:54:00,MER-008,CloudLearn,Card,EUR,153454.58,Successful,Settled,Reconciled,153454.58,153454.58,0.0,Not Applicable,647.0,Slow
TXN-00754,2026-04-12 05:51:00,MER-002,Apex Travel,Mobile Money,EUR,100264.04,Successful,Settled,Reconciled,100264.04,100264.04,0.0,Not Applicable,245.0,Normal
TXN-00933,2026-02-26 02:25:00,MER-001,SwiftMart,Wallet,NGN,210384.09,Pending,Pending,Exception,210384.09,0.0,210384.09,Pending Review,819.0,Slow
TXN-00339,2026-03-19 00:40:00,MER-007,Metro Logistics,Card,EUR,247676.08,Successful,Settled,Reconciled,247676.08,247676.08,0.0,Not Applicable,597.0,Slow
TXN-00052,2026-02-10 11:49:00,MER-004,Urban Eats,USSD,GBP,76367.2,Successful,Settled,Reconciled,76367.2,76367.2,0.0,Not Applicable,229.0,Normal
TXN-00668,2026-03-07 12:54:00,MER-008,CloudLearn,USSD,EUR,148.89,Successful,Settled,Reconciled,148.89,148.89,0.0,Not Applicable,292.0,Normal
TXN-00519,2026-05-12 08:32:00,MER-007,Metro Logistics,Card,GBP,152751.86,Successful,Settled,Reconciled,152751.86,152751.86,0.0,Not Applicable,124.0,Normal
TXN-00927,2026-06-13 06:03:00,MER-006,Green Energy,Card,EUR,235796.22,Pending,Pending,Exception,235796.22,0.0,235796.22,Pending Review,863.0,Slow
TXN-00637,2026-05-31 19:27:00,MER-007,Metro Logistics,Bank Transfer,GBP,19894.51,Pending,Not Settled,Unreconciled,19894.51,0.0,19894.51,Pending Review,246.0,Normal
TXN-00265,2026-01-10 05:47:00,MER-009,StyleHouse,Bank Transfer,USD,13217.53,Successful,Settled,Reconciled,13217.53,13217.53,0.0,Not Applicable,339.0,Slow
TXN-00540,2026-02-23 10:38:00,MER-004,Urban Eats,Wallet,EUR,249158.11,Pending,Pending,Exception,249158.11,0.0,249158.11,Pending Review,10.0,Fast
TXN-00716,2026-02-26 01:56:00,MER-005,Prime Electronics,USSD,GBP,156650.57,Successful,Settlement Exception,Exception,156650.57,0.0,156650.57,Not Applicable,135.0,Normal
TXN-00960,2026-05-09 12:23:00,MER-008,CloudLearn,USSD,NGN,248800.92,Successful,Settled,Reconciled,248800.92,248800.92,0.0,Not Applicable,42.0,Fast
TXN-00953,2026-06-15 08:06:00,MER-006,Green Energy,Wallet,NGN,1439.71,Failed,Not Settled,Unreconciled,1439.71,0.0,1439.71,Invalid Account,635.0,Slow
TXN-00880,2026-03-29 07:02:00,MER-006,Green Energy,Mobile Money,GBP,34839.59,Successful,Settled,Reconciled,34839.59,34839.59,0.0,Not Applicable,612.0,Slow
TXN-00450,2026-06-03 01:29:00,MER-007,Metro Logistics,Wallet,EUR,241410.36,Pending,Not Settled,Unreconciled,241410.36,0.0,241410.36,Pending Review,888.0,Slow
TXN-00019,2026-06-17 04:57:00,MER-001,SwiftMart,Wallet,GBP,122202.57,Successful,Settled,Reconciled,122202.57,122202.57,0.0,Not Applicable,372.0,Slow
TXN-00721,2026-01-30 08:53:00,MER-005,Prime Electronics,Wallet,USD,241576.69,Pending,Not Settled,Unreconciled,241576.69,0.0,241576.69,Pending Review,593.0,Slow
TXN-00486,2026-03-15 10:27:00,MER-007,Metro Logistics,USSD,EUR,1266.82,Failed,Not Settled,Unreconciled,1266.82,0.0,1266.82,System Error,205.0,Normal
TXN-00571,2026-04-29 23:57:00,MER-007,Metro Logistics,Mobile Money,NGN,129214.06,Successful,Settled,Reconciled,129214.06,129214.06,0.0,Not Applicable,229.0,Normal
TXN-00627,2026-06-21 04:50:00,MER-002,Apex Travel,Bank Transfer,USD,99321.69,Successful,Settled,Reconciled,99321.69,99321.69,0.0,Not Applicable,66.0,Normal
TXN-00368,2026-01-26 21:09:00,MER-010,Global Services,Mobile Money,EUR,93855.56,Successful,Settled,Reconciled,93855.56,93855.56,0.0,Not Applicable,649.0,Slow
TXN-00084,2026-04-03 02:34:00,MER-006,Green Energy,Card,EUR,205600.5,Successful,Settlement Exception,Exception,205600.5,0.0,205600.5,Not Applicable,444.0,Slow
TXN-00062,2026-01-18 00:00:00,MER-004,Urban Eats,Mobile Money,USD,201660.07,Successful,Settled,Reconciled,201660.07,201660.07,0.0,Not Applicable,26.0,Fast
TXN-00440,2026-01-20 01:33:00,MER-002,Apex Travel,Mobile Money,USD,221994.02,Successful,Settled,Reconciled,221994.02,221994.02,0.0,Not Applicable,750.0,Slow
TXN-00273,2026-02-01 22:44:00,MER-010,Global Services,USSD,EUR,128868.64,Successful,Settled,Reconciled,128868.64,128868.64,0.0,Not Applicable,411.0,Slow
TXN-00286,2026-05-13 18:18:00,MER-007,Metro Logistics,Mobile Money,EUR,112189.43,Successful,Settled,Reconciled,112189.43,112189.43,0.0,Not Applicable,385.0,Slow
TXN-00361,2026-04-09 16:13:00,MER-001,SwiftMart,USSD,USD,247444.95,Successful,Settled,Reconciled,247444.95,247444.95,0.0,Not Applicable,754.0,Slow
TXN-00355,2026-03-09 22:59:00,MER-003,Nova Health,Wallet,EUR,104617.95,Successful,Settled,Reconciled,104617.95,104617.95,0.0,Not Applicable,589.0,Slow
TXN-00995,2026-05-31 17:21:00,MER-009,StyleHouse,Card,NGN,84499.92,Successful,Settled,Reconciled,84499.92,84499.92,0.0,Not Applicable,633.0,Slow
TXN-00279,2026-02-09 18:15:00,MER-004,Urban Eats,Wallet,NGN,131424.11,Failed,Not Settled,Unreconciled,131424.11,0.0,131424.11,Bank Declined,721.0,Slow
TXN-00013,2026-02-18 05:16:00,MER-003,Nova Health,Bank Transfer,GBP,186778.75,Successful,Settled,Reconciled,186778.75,186778.75,0.0,Not Applicable,598.0,Slow
TXN-00183,2026-02-26 12:11:00,MER-008,CloudLearn,USSD,NGN,14316.82,Successful,Settled,Reconciled,14316.82,14316.82,0.0,Not Applicable,79.0,Normal
TXN-00369,2026-03-15 08:04:00,MER-009,StyleHouse,Mobile Money,GBP,113728.44,Successful,Settled,Reconciled,113728.44,113728.44,0.0,Not Applicable,336.0,Slow
TXN-00495,2026-03-18 14:48:00,MER-002,Apex Travel,Wallet,GBP,155737.16,Pending,Not Settled,Unreconciled,155737.16,0.0,155737.16,Pending Review,141.0,Normal
TXN-00802,2026-04-08 07:49:00,MER-006,Green Energy,Card,EUR,190137.22,Successful,Settled,Reconciled,190137.22,190137.22,0.0,Not Applicable,664.0,Slow
TXN-00224,2026-01-22 10:30:00,MER-005,Prime Electronics,Mobile Money,EUR,53721.15,Failed,Not Settled,Unreconciled,53721.15,0.0,53721.15,System Error,293.0,Normal
TXN-00576,2026-01-25 12:37:00,MER-009,StyleHouse,Card,USD,14072.41,Successful,Settled,Reconciled,14072.41,14072.41,0.0,Not Applicable,185.0,Normal
TXN-00704,2026-05-03 05:07:00,MER-004,Urban Eats,Bank Transfer,NGN,44351.84,Successful,Settled,Reconciled,44351.84,44351.84,0.0,Not Applicable,888.0,Slow
TXN-00588,2026-04-08 14:16:00,MER-007,Metro Logistics,Wallet,GBP,153008.98,Pending,Pending,Exception,153008.98,0.0,153008.98,Pending Review,407.0,Slow
TXN-00548,2026-03-15 15:03:00,MER-007,Metro Logistics,Mobile Money,NGN,97436.52,Successful,Settled,Reconciled,97436.52,97436.52,0.0,Not Applicable,548.0,Slow
TXN-00676,2026-05-08 00:35:00,MER-004,Urban Eats,Bank Transfer,NGN,168441.45,Successful,Settled,Reconciled,168441.45,168441.45,0.0,Not Applicable,457.0,Slow
TXN-00757,2026-06-19 11:00:00,MER-010,Global Services,USSD,NGN,148081.57,Successful,Settled,Reconciled,148081.57,148081.57,0.0,Not Applicable,334.0,Slow
TXN-00177,2026-03-14 01:07:00,MER-005,Prime Electronics,Mobile Money,USD,83333.85,Successful,Settled,Reconciled,83333.85,83333.85,0.0,Not Applicable,79.0,Normal
TXN-00670,2026-06-21 17:32:00,MER-005,Prime Electronics,Wallet,USD,23662.35,Successful,Settled,Reconciled,23662.35,23662.35,0.0,Not Applicable,365.0,Slow
TXN-00632,2026-04-18 13:22:00,MER-010,Global Services,USSD,EUR,130912.61,Pending,Not Settled,Unreconciled,130912.61,0.0,130912.61,Pending Review,547.0,Slow
TXN-00590,2026-02-16 04:46:00,MER-005,Prime Electronics,Wallet,GBP,193571.2,Successful,Settled,Reconciled,193571.2,193571.2,0.0,Not Applicable,754.0,Slow
TXN-00523,2026-04-30 16:45:00,MER-010,Global Services,Wallet,GBP,126077.12,Successful,Settlement Exception,Exception,126077.12,0.0,126077.12,Not Applicable,429.0,Slow
TXN-00394,2026-04-15 23:25:00,MER-002,Apex Travel,USSD,EUR,127744.39,Successful,Settled,Reconciled,127744.39,127744.39,0.0,Not Applicable,512.0,Slow
TXN-00164,2026-05-19 19:52:00,MER-005,Prime Electronics,Wallet,USD,201824.62,Failed,Not Settled,Unreconciled,201824.62,0.0,201824.62,Fraud Check,786.0,Slow
TXN-00249,2026-06-20 22:19:00,MER-006,Green Energy,Bank Transfer,USD,150655.49,Successful,Settled,Exception,150655.49,147084.67,3570.82,Not Applicable,513.0,Slow
TXN-00639,2026-03-24 21:25:00,MER-010,Global Services,USSD,GBP,175148.1,Successful,Settled,Reconciled,175148.1,175148.1,0.0,Not Applicable,193.0,Normal
TXN-00892,2026-04-12 10:08:00,MER-001,SwiftMart,Card,GBP,123478.83,Successful,Settled,Reconciled,123478.83,123478.83,0.0,Not Applicable,291.0,Normal
TXN-00674,2026-03-21 01:30:00,MER-007,Metro Logistics,Card,USD,186944.9,Failed,Not Settled,Unreconciled,186944.9,0.0,186944.9,System Error,12.0,Fast
TXN-00376,2026-03-20 03:20:00,MER-002,Apex Travel,Card,NGN,53433.95,Successful,Settled,Reconciled,53433.95,53433.95,0.0,Not Applicable,136.0,Normal
TXN-00413,2026-01-12 05:26:00,MER-004,Urban Eats,Bank Transfer,USD,205935.99,Successful,Settled,Reconciled,205935.99,205935.99,0.0,Not Applicable,703.0,Slow
TXN-00075,2026-06-15 02:25:00,MER-007,Metro Logistics,Wallet,NGN,21078.47,Successful,Settled,Reconciled,21078.47,21078.47,0.0,Not Applicable,139.0,Normal
TXN-00114,2026-02-18 14:47:00,MER-009,StyleHouse,Bank Transfer,GBP,109585.21,Pending,Pending,Exception,109585.21,0.0,109585.21,Pending Review,497.0,Slow
TXN-00573,2026-02-11 20:50:00,MER-002,Apex Travel,Wallet,GBP,52958.12,Successful,Settled,Reconciled,52958.12,52958.12,0.0,Not Applicable,162.0,Normal
TXN-00644,2026-05-11 02:29:00,MER-004,Urban Eats,USSD,EUR,61865.83,Successful,Settled,Reconciled,61865.83,61865.83,0.0,Not Applicable,204.0,Normal
TXN-00391,2026-02-26 07:18:00,MER-003,Nova Health,Card,NGN,177004.36,Pending,Pending,Exception,177004.36,0.0,177004.36,Pending Review,12.0,Fast
TXN-00105,2026-01-28 02:56:00,MER-005,Prime Electronics,Bank Transfer,NGN,15003.55,Successful,Settled,Reconciled,15003.55,15003.55,0.0,Not Applicable,610.0,Slow
TXN-00115,2026-01-06 06:07:00,MER-010,Global Services,Bank Transfer,USD,77756.46,Successful,Settled,Reconciled,77756.46,77756.46,0.0,Not Applicable,566.0,Slow
TXN-00418,2026-04-28 20:00:00,MER-005,Prime Electronics,USSD,EUR,220706.37,Successful,Settled,Reconciled,220706.37,220706.37,0.0,Not Applicable,63.0,Normal
TXN-00714,2026-04-06 08:35:00,MER-007,Metro Logistics,Wallet,USD,94731.79,Successful,Settled,Reconciled,94731.79,94731.79,0.0,Not Applicable,45.0,Fast
TXN-00458,2026-05-07 06:39:00,MER-007,Metro Logistics,Card,EUR,222404.6,Successful,Settled,Reconciled,222404.6,222404.6,0.0,Not Applicable,452.5,Slow
TXN-00410,2026-05-31 10:32:00,MER-010,Global Services,Card,USD,208997.6,Successful,Settled,Reconciled,208997.6,208997.6,0.0,Not Applicable,152.0,Normal
TXN-00093,2026-04-11 04:41:00,MER-006,Green Energy,Mobile Money,EUR,67802.02,Successful,Settled,Reconciled,67802.02,67802.02,0.0,Not Applicable,237.0,Normal
TXN-00979,2026-04-17 21:33:00,MER-008,CloudLearn,USSD,GBP,85399.46,Successful,Settled,Reconciled,85399.46,85399.46,0.0,Not Applicable,217.0,Normal
TXN-00090,2026-02-13 22:30:00,MER-007,Metro Logistics,USSD,USD,172683.27,Pending,Not Settled,Unreconciled,172683.27,0.0,172683.27,Pending Review,729.0,Slow
TXN-00337,2026-04-18 19:28:00,MER-009,StyleHouse,Bank Transfer,NGN,238255.85,Successful,Settled,Reconciled,238255.85,238255.85,0.0,Not Applicable,726.0,Slow
TXN-00997,2026-06-05 08:35:00,MER-009,StyleHouse,Wallet,NGN,176630.59,Successful,Settled,Reconciled,176630.59,176630.59,0.0,Not Applicable,819.0,Slow
TXN-00928,2026-02-12 23:16:00,MER-002,Apex Travel,Wallet,NGN,130537.19,Failed,Not Settled,Unreconciled,130537.19,0.0,130537.19,Fraud Check,794.0,Slow
TXN-00940,2026-04-25 17:11:00,MER-008,CloudLearn,Bank Transfer,NGN,100225.4,Pending,Not Settled,Unreconciled,100225.4,0.0,100225.4,Pending Review,313.0,Slow
TXN-00852,2026-06-02 19:05:00,MER-003,Nova Health,Bank Transfer,USD,29317.64,Successful,Settled,Reconciled,29317.64,29317.64,0.0,Not Applicable,589.0,Slow
TXN-00598,2026-02-06 11:10:00,MER-009,StyleHouse,Card,NGN,229802.44,Failed,Not Settled,Unreconciled,229802.44,0.0,229802.44,System Error,292.0,Normal
TXN-00616,2026-03-14 22:12:00,MER-005,Prime Electronics,USSD,USD,142895.29,Failed,Not Settled,Unreconciled,142895.29,0.0,142895.29,Network Timeout,703.0,Slow
TXN-00095,2026-04-06 12:10:00,MER-010,Global Services,Mobile Money,NGN,208173.83,Successful,Settled,Reconciled,208173.83,208173.83,0.0,Not Applicable,233.0,Normal
TXN-00012,2026-02-27 06:50:00,UNKNOWN,Urban Eats,USSD,EUR,221182.32,Pending,Pending,Exception,221182.32,0.0,221182.32,Pending Review,470.0,Slow
TXN-00397,2026-01-07 10:30:00,MER-009,StyleHouse,USSD,USD,80518.32,Successful,Settled,Reconciled,80518.32,80518.32,0.0,Not Applicable,738.0,Slow
TXN-00536,2026-04-17 07:28:00,MER-005,Prime Electronics,Card,GBP,116636.2,Successful,Settled,Reconciled,116636.2,116636.2,0.0,Not Applicable,41.0,Fast
TXN-00044,2026-05-06 03:43:00,MER-005,Prime Electronics,Wallet,EUR,62855.2,Successful,Settled,Reconciled,62855.2,62855.2,0.0,Not Applicable,95.0,Normal
TXN-00043,2026-04-11 17:04:00,MER-003,Nova Health,Mobile Money,GBP,151246.97,Pending,Pending,Exception,151246.97,0.0,151246.97,Pending Review,352.0,Slow
TXN-00330,2026-06-28 01:42:00,MER-004,Urban Eats,Wallet,USD,171360.47,Successful,Settled,Reconciled,171360.47,171360.47,0.0,Not Applicable,143.0,Normal
TXN-00168,2026-03-01 01:15:00,MER-010,Global Services,Wallet,NGN,220847.21,Successful,Settled,Reconciled,220847.21,220847.21,0.0,Not Applicable,162.0,Normal
TXN-00500,2026-05-12 17:21:00,MER-002,Apex Travel,Mobile Money,USD,114242.13,Successful,Settled,Reconciled,114242.13,114242.13,0.0,Not Applicable,271.0,Normal
TXN-00883,2026-01-04 10:09:00,MER-008,CloudLearn,USSD,NGN,49168.11,Successful,Settled,Reconciled,49168.11,49168.11,0.0,Not Applicable,813.0,Slow
TXN-00602,2026-03-22 14:29:00,MER-007,Metro Logistics,Wallet,EUR,192514.8,Successful,Settled,Reconciled,192514.8,192514.8,0.0,Not Applicable,795.0,Slow
TXN-00762,2026-03-04 16:06:00,MER-002,Apex Travel,Wallet,NGN,152911.54,Failed,Not Settled,Unreconciled,152911.54,0.0,152911.54,Network Timeout,414.0,Slow
TXN-00101,2026-02-25 14:13:00,MER-010,Global Services,Wallet,NGN,152446.76,Pending,Pending,Exception,152446.76,0.0,152446.76,Pending Review,102.0,Normal
TXN-00427,2026-01-04 15:04:00,MER-009,StyleHouse,USSD,NGN,83000.32,Failed,Not Settled,Unreconciled,83000.32,0.0,83000.32,Network Timeout,207.0,Normal
TXN-00179,2026-02-13 00:16:00,MER-002,Apex Travel,Bank Transfer,GBP,49398.22,Failed,Not Settled,Unreconciled,49398.22,0.0,49398.22,System Error,157.0,Normal
TXN-00445,2026-03-29 10:35:00,MER-004,Urban Eats,Card,NGN,51817.55,Pending,Pending,Exception,51817.55,0.0,51817.55,Pending Review,299.0,Normal
TXN-00417,2026-02-20 01:24:00,MER-005,Prime Electronics,USSD,USD,8758.9,Failed,Not Settled,Unreconciled,8758.9,0.0,8758.9,Network Timeout,632.0,Slow
TXN-00838,2026-06-11 15:38:00,MER-001,SwiftMart,Card,EUR,91461.16,Failed,Not Settled,Unreconciled,91461.16,0.0,91461.16,Bank Declined,42.0,Fast
TXN-00889,2026-01-18 23:09:00,MER-004,Urban Eats,Wallet,EUR,91679.11,Failed,Not Settled,Unreconciled,91679.11,0.0,91679.11,Invalid Account,190.0,Normal
TXN-00663,2026-04-30 13:56:00,MER-004,Urban Eats,Wallet,USD,139650.03,Failed,Not Settled,Unreconciled,139650.03,0.0,139650.03,System Error,426.0,Slow
TXN-00178,2026-04-03 20:00:00,MER-004,Urban Eats,Mobile Money,GBP,181872.04,Pending,Pending,Exception,181872.04,0.0,181872.04,Pending Review,835.0,Slow
TXN-00396,2026-06-06 07:40:00,MER-001,SwiftMart,Bank Transfer,NGN,117993.97,Successful,Settled,Reconciled,117993.97,117993.97,0.0,Not Applicable,154.0,Normal
TXN-00681,2026-04-15 20:39:00,MER-002,Apex Travel,Card,EUR,105942.8,Successful,Settled,Reconciled,105942.8,105942.8,0.0,Not Applicable,196.0,Normal
TXN-00800,2026-04-09 07:51:00,MER-004,Urban Eats,Card,EUR,238543.42,Successful,Settled,Reconciled,238543.42,238543.42,0.0,Not Applicable,125.0,Normal
TXN-00969,2026-01-17 20:21:00,MER-007,Metro Logistics,Mobile Money,USD,60096.03,Successful,Settled,Reconciled,60096.03,60096.03,0.0,Not Applicable,92.0,Normal
TXN-00689,2026-06-07 08:06:00,MER-002,Apex Travel,Card,GBP,216865.87,Pending,Pending,Exception,216865.87,0.0,216865.87,Pending Review,396.0,Slow
TXN-00384,2026-06-23 19:01:00,MER-004,Urban Eats,USSD,EUR,28274.64,Successful,Settled,Reconciled,28274.64,28274.64,0.0,Not Applicable,654.0,Slow
TXN-00965,2026-01-23 04:59:00,MER-007,Metro Logistics,Mobile Money,NGN,209260.6,Successful,Settled,Reconciled,209260.6,209260.6,0.0,Not Applicable,30.0,Fast
TXN-00617,2026-05-29 05:15:00,MER-002,Apex Travel,Mobile Money,USD,138879.48,Successful,Settled,Reconciled,138879.48,138879.48,0.0,Not Applicable,201.0,Normal
TXN-00258,2026-03-29 02:02:00,MER-009,StyleHouse,USSD,GBP,239175.7,Successful,Settled,Reconciled,239175.7,239175.7,0.0,Not Applicable,546.0,Slow
TXN-00336,2026-06-26 04:13:00,MER-010,Global Services,Bank Transfer,GBP,94076.22,Successful,Settled,Reconciled,94076.22,94076.22,0.0,Not Applicable,374.0,Slow
TXN-00016,2026-06-21 13:32:00,MER-001,SwiftMart,Card,GBP,192172.82,Successful,Settled,Reconciled,192172.82,192172.82,0.0,Not Applicable,115.0,Normal
TXN-00634,2026-02-25 06:19:00,MER-001,SwiftMart,Card,USD,86036.84,Successful,Settled,Reconciled,86036.84,86036.84,0.0,Not Applicable,548.0,Slow
TXN-00325,2026-03-11 04:33:00,MER-002,Apex Travel,Wallet,GBP,199533.99,Pending,Pending,Exception,199533.99,0.0,199533.99,Pending Review,76.0,Normal
TXN-00891,2026-05-19 14:38:00,UNKNOWN,Green Energy,Card,EUR,27668.01,Successful,Settled,Reconciled,27668.01,27668.01,0.0,Not Applicable,508.0,Slow
TXN-00223,2026-02-27 05:34:00,MER-005,Prime Electronics,Bank Transfer,NGN,6575.74,Successful,Settled,Reconciled,6575.74,6575.74,0.0,Not Applicable,512.0,Slow
TXN-00180,2026-01-14 17:13:00,MER-003,Nova Health,USSD,EUR,188636.01,Failed,Not Settled,Unreconciled,188636.01,0.0,188636.01,System Error,460.0,Slow
TXN-00992,2026-06-01 15:47:00,MER-006,Green Energy,USSD,USD,155498.41,Successful,Settled,Reconciled,155498.41,155498.41,0.0,Not Applicable,708.0,Slow
TXN-00023,2026-05-10 18:55:00,MER-005,Prime Electronics,USSD,GBP,109581.21,Failed,Not Settled,Unreconciled,109581.21,0.0,109581.21,Insufficient Funds,463.0,Slow
TXN-00357,2026-01-10 18:13:00,MER-006,Green Energy,Card,EUR,34220.03,Successful,Settled,Reconciled,34220.03,34220.03,0.0,Not Applicable,576.0,Slow
TXN-00671,2026-06-11 22:49:00,MER-010,Global Services,Bank Transfer,USD,64135.34,Successful,Settled,Reconciled,64135.34,64135.34,0.0,Not Applicable,95.0,Normal
TXN-00868,2026-05-31 09:56:00,MER-005,Prime Electronics,Wallet,GBP,123575.71,Pending,Pending,Exception,123575.71,0.0,123575.71,Pending Review,475.0,Slow
TXN-00341,2026-04-27 04:15:00,MER-002,Apex Travel,Card,USD,164434.65,Successful,Settled,Reconciled,164434.65,164434.65,0.0,Not Applicable,171.0,Normal
TXN-00432,2026-05-24 06:25:00,MER-006,Green Energy,Bank Transfer,USD,94658.19,Pending,Not Settled,Unreconciled,94658.19,0.0,94658.19,Pending Review,706.0,Slow
TXN-00954,2026-02-25 01:40:00,MER-007,Metro Logistics,Mobile Money,USD,242017.65,Failed,Not Settled,Unreconciled,242017.65,0.0,242017.65,Fraud Check,43.0,Fast
TXN-00859,2026-03-23 04:29:00,MER-006,Green Energy,Card,GBP,13852.91,Pending,Pending,Exception,13852.91,0.0,13852.91,Pending Review,200.0,Normal
TXN-00204,2026-03-27 09:34:00,MER-008,CloudLearn,Wallet,NGN,226473.79,Successful,Settled,Reconciled,226473.79,226473.79,0.0,Not Applicable,263.0,Normal
TXN-00635,2026-06-22 09:19:00,MER-008,CloudLearn,Mobile Money,NGN,191490.71,Successful,Settled,Exception,191490.71,189616.23,1874.48,Not Applicable,612.0,Slow
TXN-00094,2026-01-22 18:20:00,MER-009,StyleHouse,Bank Transfer,USD,54174.52,Successful,Settled,Reconciled,54174.52,54174.52,0.0,Not Applicable,284.0,Normal
TXN-00970,2026-03-12 17:23:00,MER-007,Metro Logistics,Mobile Money,USD,30238.44,Successful,Settled,Reconciled,30238.44,30238.44,0.0,Not Applicable,821.0,Slow
TXN-00069,2026-04-25 02:18:00,MER-004,Urban Eats,Mobile Money,EUR,19463.09,Successful,Settled,Reconciled,19463.09,19463.09,0.0,Not Applicable,241.0,Normal
TXN-00285,2026-06-20 03:15:00,MER-002,Apex Travel,USSD,NGN,71843.97,Successful,Settled,Reconciled,71843.97,71843.97,0.0,Not Applicable,788.0,Slow
TXN-00811,2026-05-15 08:03:00,MER-007,Metro Logistics,Mobile Money,NGN,243965.73,Failed,Not Settled,Unreconciled,243965.73,0.0,243965.73,Network Timeout,559.0,Slow
TXN-00435,2026-02-13 07:49:00,MER-006,Green Energy,Mobile Money,USD,159083.07,Successful,Settled,Reconciled,159083.07,159083.07,0.0,Not Applicable,842.0,Slow
TXN-00154,2026-03-24 06:50:00,MER-009,StyleHouse,Bank Transfer,NGN,181838.02,Pending,Not Settled,Unreconciled,181838.02,0.0,181838.02,Pending Review,534.0,Slow
TXN-00076,2026-02-17 08:38:00,MER-007,Metro Logistics,Mobile Money,USD,113729.36,Successful,Settled,Reconciled,113729.36,113729.36,0.0,Not Applicable,780.0,Slow
TXN-00972,2026-03-12 15:35:00,MER-008,CloudLearn,Mobile Money,EUR,22646.57,Successful,Settled,Reconciled,22646.57,22646.57,0.0,Not Applicable,831.0,Slow
TXN-00447,2026-04-27 20:21:00,MER-009,StyleHouse,USSD,USD,92818.03,Successful,Settled,Reconciled,92818.03,92818.03,0.0,Not Applicable,379.0,Slow
TXN-00189,2026-02-21 17:27:00,MER-005,Prime Electronics,Wallet,USD,83407.17,Failed,Not Settled,Unreconciled,83407.17,0.0,83407.17,Network Timeout,680.0,Slow
TXN-00272,2026-02-16 20:00:00,MER-003,Nova Health,Card,GBP,197712.84,Failed,Not Settled,Unreconciled,197712.84,0.0,197712.84,Network Timeout,691.0,Slow
TXN-00237,2026-04-27 07:47:00,MER-001,SwiftMart,USSD,GBP,160512.63,Successful,Settled,Reconciled,160512.63,160512.63,0.0,Not Applicable,495.0,Slow
TXN-00488,2026-06-09 15:36:00,MER-006,Green Energy,Mobile Money,USD,25766.79,Failed,Not Settled,Unreconciled,25766.79,0.0,25766.79,Bank Declined,603.0,Slow
TXN-00118,2026-06-17 19:42:00,MER-010,Global Services,Wallet,USD,216020.33,Successful,Settled,Reconciled,216020.33,216020.33,0.0,Not Applicable,792.0,Slow
TXN-00825,2026-06-12 02:36:00,MER-007,Metro Logistics,Bank Transfer,USD,231978.99,Successful,Settled,Reconciled,231978.99,231978.99,0.0,Not Applicable,183.0,Normal
TXN-00513,2026-04-01 17:47:00,MER-008,CloudLearn,Mobile Money,NGN,245169.62,Pending,Pending,Exception,245169.62,0.0,245169.62,Pending Review,670.0,Slow
TXN-00801,2026-03-07 08:08:00,MER-006,Green Energy,Mobile Money,EUR,13893.15,Pending,Not Settled,Unreconciled,13893.15,0.0,13893.15,Pending Review,93.0,Normal
TXN-00596,2026-02-05 10:51:00,MER-001,SwiftMart,Wallet,USD,153835.98,Pending,Not Settled,Unreconciled,153835.98,0.0,153835.98,Pending Review,37.0,Fast
TXN-00127,2026-02-12 17:43:00,MER-005,Prime Electronics,Bank Transfer,NGN,108549.47,Successful,Settled,Reconciled,108549.47,108549.47,0.0,Not Applicable,779.0,Slow
TXN-00117,2026-05-09 09:59:00,MER-005,Prime Electronics,USSD,EUR,245063.13,Successful,Settled,Reconciled,245063.13,245063.13,0.0,Not Applicable,468.0,Slow
TXN-00474,2026-01-28 07:03:00,MER-009,StyleHouse,Bank Transfer,NGN,201376.91,Failed,Not Settled,Unreconciled,201376.91,0.0,201376.91,System Error,414.0,Slow
TXN-00698,2026-06-15 11:29:00,MER-003,Nova Health,Wallet,USD,79442.3,Failed,Not Settled,Unreconciled,79442.3,0.0,79442.3,System Error,546.0,Slow
TXN-00058,2026-05-01 18:23:00,MER-002,Apex Travel,Mobile Money,GBP,166756.54,Successful,Settled,Reconciled,166756.54,166756.54,0.0,Not Applicable,413.0,Slow
TXN-00679,2026-05-19 17:22:00,MER-003,Nova Health,USSD,USD,122016.49,Pending,Pending,Exception,122016.49,0.0,122016.49,Pending Review,586.0,Slow
TXN-00919,2026-05-19 23:31:00,MER-009,StyleHouse,Bank Transfer,NGN,156998.2,Failed,Not Settled,Unreconciled,156998.2,0.0,156998.2,Network Timeout,884.0,Slow
TXN-00370,2026-06-04 05:19:00,MER-002,Apex Travel,USSD,GBP,212541.55,Failed,Not Settled,Unreconciled,212541.55,0.0,212541.55,Network Timeout,408.0,Slow
TXN-00269,2026-03-14 06:29:00,MER-008,CloudLearn,Bank Transfer,GBP,219198.12,Successful,Settled,Reconciled,219198.12,219198.12,0.0,Not Applicable,306.0,Slow
TXN-00047,2026-06-01 22:24:00,MER-006,Green Energy,Wallet,USD,107503.7,Successful,Settled,Reconciled,107503.7,107503.7,0.0,Not Applicable,316.0,Slow
TXN-00350,2026-05-09 07:02:00,MER-004,Urban Eats,Bank Transfer,GBP,188106.14,Successful,Settled,Reconciled,188106.14,188106.14,0.0,Not Applicable,592.0,Slow
TXN-00196,2026-05-12 06:53:00,MER-008,CloudLearn,Card,EUR,91138.42,Pending,Not Settled,Unreconciled,91138.42,0.0,91138.42,Pending Review,244.0,Normal
TXN-00947,2026-04-14 06:19:00,MER-002,Apex Travel,Card,EUR,193362.49,Successful,Settled,Reconciled,193362.49,193362.49,0.0,Not Applicable,848.0,Slow
TXN-00742,2026-01-01 17:57:00,MER-005,Prime Electronics,Card,NGN,83389.11,Successful,Settled,Reconciled,83389.11,83389.11,0.0,Not Applicable,106.0,Normal
TXN-00264,2026-05-07 17:37:00,MER-005,Prime Electronics,Bank Transfer,NGN,153957.69,Failed,Not Settled,Unreconciled,153957.69,0.0,153957.69,Network Timeout,246.0,Normal
TXN-00444,2026-03-31 08:59:00,MER-003,Nova Health,Card,GBP,1053.51,Successful,Settled,Reconciled,1053.51,1053.51,0.0,Not Applicable,302.0,Slow
TXN-00680,2026-04-13 03:46:00,MER-010,Global Services,Wallet,USD,60654.54,Successful,Settled,Reconciled,60654.54,60654.54,0.0,Not Applicable,796.0,Slow
TXN-00305,2026-05-15 22:34:00,MER-003,Nova Health,Card,GBP,138372.56,Failed,Not Settled,Unreconciled,138372.56,0.0,138372.56,System Error,594.0,Slow
TXN-00342,2026-06-29 01:26:00,MER-007,Metro Logistics,Mobile Money,EUR,26575.54,Successful,Settled,Reconciled,26575.54,26575.54,0.0,Not Applicable,265.0,Normal
TXN-00603,2026-04-17 19:53:00,MER-001,SwiftMart,USSD,NGN,64529.16,Successful,Settled,Reconciled,64529.16,64529.16,0.0,Not Applicable,649.0,Slow
TXN-00975,2026-01-28 01:16:00,MER-003,Nova Health,Mobile Money,USD,130820.71,Successful,Settled,Reconciled,130820.71,130820.71,0.0,Not Applicable,583.0,Slow
TXN-00150,2026-04-17 17:56:00,MER-004,Urban Eats,Bank Transfer,GBP,193614.71,Failed,Not Settled,Unreconciled,193614.71,0.0,193614.71,Bank Declined,3.0,Fast
TXN-00125,2026-01-14 14:55:00,MER-008,CloudLearn,Mobile Money,GBP,155852.52,Successful,Settled,Reconciled,155852.52,155852.52,0.0,Not Applicable,666.0,Slow
TXN-00893,2026-05-06 01:45:00,MER-008,CloudLearn,Bank Transfer,EUR,72718.27,Successful,Settled,Reconciled,72718.27,72718.27,0.0,Not Applicable,1747.0,Critical
TXN-00829,2026-04-18 16:39:00,MER-008,CloudLearn,USSD,GBP,3724.51,Successful,Settled,Reconciled,3724.51,3724.51,0.0,Not Applicable,754.0,Slow
TXN-00051,2026-06-07 07:09:00,MER-004,Urban Eats,Mobile Money,USD,196864.89,Successful,Settled,Reconciled,196864.89,196864.89,0.0,Not Applicable,392.0,Slow
TXN-00354,2026-06-17 05:47:00,UNKNOWN,Global Services,Wallet,NGN,168060.31,Successful,Settled,Reconciled,168060.31,168060.31,0.0,Not Applicable,121.0,Normal
TXN-00934,2026-05-06 17:38:00,MER-004,Urban Eats,Mobile Money,EUR,77386.2,Pending,Pending,Exception,77386.2,0.0,77386.2,Pending Review,372.0,Slow
TXN-00143,2026-06-15 13:10:00,MER-005,Prime Electronics,USSD,NGN,35030.28,Successful,Settlement Exception,Exception,35030.28,0.0,35030.28,Not Applicable,312.0,Slow
TXN-00471,2026-04-05 18:42:00,MER-010,Global Services,USSD,NGN,1936.16,Pending,Not Settled,Unreconciled,1936.16,0.0,1936.16,Pending Review,864.0,Slow
TXN-00400,2026-03-09 03:49:00,MER-004,Urban Eats,Mobile Money,GBP,184920.04,Successful,Settled,Reconciled,184920.04,184920.04,0.0,Not Applicable,476.0,Slow
TXN-00630,2026-06-02 15:32:00,MER-003,Nova Health,Card,NGN,165920.93,Successful,Settled,Reconciled,165920.93,165920.93,0.0,Not Applicable,885.0,Slow
TXN-00321,2026-05-04 06:00:00,MER-009,StyleHouse,Mobile Money,EUR,188926.76,Successful,Settlement Exception,Exception,188926.76,0.0,188926.76,Not Applicable,810.0,Slow
TXN-00020,2026-02-25 23:32:00,MER-004,Urban Eats,Card,USD,219514.6,Successful,Settled,Reconciled,219514.6,219514.6,0.0,Not Applicable,88.0,Normal
TXN-00907,2026-03-28 15:17:00,MER-009,StyleHouse,Bank Transfer,NGN,97907.07,Successful,Settlement Exception,Exception,97907.07,0.0,97907.07,Not Applicable,606.0,Slow
TXN-00804,2026-06-11 03:33:00,MER-008,CloudLearn,Bank Transfer,USD,9021.0,Successful,Settlement Exception,Exception,9021.0,0.0,9021.0,Not Applicable,738.0,Slow
TXN-00815,2026-01-17 05:27:00,MER-010,Global Services,Mobile Money,EUR,173406.53,Successful,Settled,Reconciled,173406.53,173406.53,0.0,Not Applicable,709.0,Slow
TXN-00408,2026-01-29 06:59:00,MER-002,Apex Travel,Bank Transfer,EUR,116567.17,Successful,Settled,Reconciled,116567.17,116567.17,0.0,Not Applicable,124.0,Normal
TXN-00538,2026-05-23 17:29:00,MER-006,Green Energy,Wallet,USD,239251.23,Failed,Not Settled,Unreconciled,239251.23,0.0,239251.23,Fraud Check,70.0,Normal
TXN-00870,2026-01-23 14:32:00,MER-005,Prime Electronics,USSD,USD,123022.44,Pending,Pending,Exception,123022.44,0.0,123022.44,Pending Review,661.0,Slow
TXN-00039,2026-02-27 13:23:00,MER-002,Apex Travel,Card,EUR,155327.7,Failed,Not Settled,Unreconciled,155327.7,0.0,155327.7,Insufficient Funds,103.0,Normal
TXN-00176,2026-03-25 18:11:00,MER-006,Green Energy,Card,EUR,211136.64,Successful,Settled,Reconciled,211136.64,211136.64,0.0,Not Applicable,447.0,Slow
TXN-00246,2026-05-20 01:20:00,MER-007,Metro Logistics,Mobile Money,NGN,100205.35,Failed,Not Settled,Unreconciled,100205.35,0.0,100205.35,Network Timeout,576.0,Slow
TXN-00835,2026-02-03 16:02:00,MER-006,Green Energy,USSD,NGN,215109.62,Successful,Settled,Reconciled,215109.62,215109.62,0.0,Not Applicable,395.0,Slow
TXN-00846,2026-04-25 04:36:00,MER-001,SwiftMart,Mobile Money,EUR,242396.69,Failed,Not Settled,Unreconciled,242396.69,0.0,242396.69,Invalid Account,452.5,Slow
TXN-00760,2026-01-01 00:48:00,MER-003,Nova Health,Bank Transfer,EUR,132860.83,Successful,Settled,Reconciled,132860.83,132860.83,0.0,Not Applicable,631.0,Slow
TXN-00865,2026-04-17 21:25:00,MER-010,Global Services,Card,USD,52025.17,Successful,Settled,Reconciled,52025.17,52025.17,0.0,Not Applicable,889.0,Slow
TXN-00155,2026-03-25 09:13:00,MER-001,SwiftMart,Card,EUR,211839.91,Successful,Settled,Reconciled,211839.91,211839.91,0.0,Not Applicable,703.0,Slow
TXN-00288,2026-01-24 04:23:00,MER-004,Urban Eats,Card,NGN,244624.82,Successful,Settled,Reconciled,244624.82,244624.82,0.0,Not Applicable,690.0,Slow
TXN-00614,2026-01-19 08:10:00,MER-006,Green Energy,Mobile Money,GBP,46869.4,Successful,Settled,Reconciled,46869.4,46869.4,0.0,Not Applicable,243.0,Normal
TXN-00570,2026-01-19 18:59:00,MER-009,StyleHouse,Mobile Money,GBP,144700.0,Failed,Not Settled,Unreconciled,144700.0,0.0,144700.0,Invalid Account,179.0,Normal
TXN-00820,2026-04-01 13:40:00,MER-003,Nova Health,Bank Transfer,NGN,13601.5,Successful,Settled,Reconciled,13601.5,13601.5,0.0,Not Applicable,292.0,Normal
TXN-00018,2026-04-03 10:00:00,MER-010,Global Services,Bank Transfer,USD,93541.07,Successful,Settled,Reconciled,93541.07,93541.07,0.0,Not Applicable,553.0,Slow
TXN-00128,2026-03-22 18:27:00,MER-003,Nova Health,Mobile Money,NGN,11593.14,Successful,Settled,Reconciled,11593.14,11593.14,0.0,Not Applicable,301.0,Slow
TXN-00323,2026-05-20 23:50:00,MER-010,Global Services,Wallet,EUR,242233.24,Successful,Settled,Reconciled,242233.24,242233.24,0.0,Not Applicable,31.0,Fast
TXN-00256,2026-02-04 17:32:00,MER-001,SwiftMart,USSD,GBP,104753.2,Successful,Settled,Reconciled,104753.2,104753.2,0.0,Not Applicable,708.0,Slow
TXN-00988,2026-06-20 06:18:00,MER-008,CloudLearn,Bank Transfer,NGN,132124.37,Successful,Settled,Reconciled,132124.37,132124.37,0.0,Not Applicable,591.0,Slow
TXN-00973,2026-04-25 19:30:00,MER-007,Metro Logistics,Card,NGN,128384.03,Successful,Settled,Reconciled,128384.03,128384.03,0.0,Not Applicable,693.0,Slow
TXN-00191,2026-04-12 17:58:00,MER-007,Metro Logistics,Mobile Money,USD,167562.09,Pending,Pending,Exception,167562.09,0.0,167562.09,Pending Review,702.0,Slow
TXN-00116,2026-06-03 04:09:00,MER-002,Apex Travel,USSD,NGN,161962.65,Successful,Settled,Reconciled,161962.65,161962.65,0.0,Not Applicable,511.0,Slow
TXN-00621,2026-03-02 22:08:00,UNKNOWN,Prime Electronics,Mobile Money,GBP,140131.47,Successful,Settled,Reconciled,140131.47,140131.47,0.0,Not Applicable,353.0,Slow
TXN-00607,2026-05-05 08:32:00,MER-004,Urban Eats,USSD,USD,58791.86,Successful,Settled,Reconciled,58791.86,58791.86,0.0,Not Applicable,894.0,Slow
TXN-00181,2026-06-18 05:41:00,MER-010,Global Services,Wallet,GBP,216075.29,Pending,Pending,Exception,216075.29,0.0,216075.29,Pending Review,324.0,Slow
TXN-00302,2026-06-16 14:14:00,MER-004,Urban Eats,Wallet,GBP,193900.92,Successful,Settled,Reconciled,193900.92,193900.92,0.0,Not Applicable,478.0,Slow
TXN-00765,2026-04-24 19:36:00,MER-006,Green Energy,USSD,EUR,95453.1,Failed,Not Settled,Unreconciled,95453.1,0.0,95453.1,System Error,217.0,Normal
TXN-00718,2026-03-31 19:59:00,MER-004,Urban Eats,Bank Transfer,EUR,113489.25,Successful,Settled,Exception,113489.25,109077.23,4412.02,Not Applicable,82.0,Normal
TXN-00729,2026-05-26 00:58:00,MER-002,Apex Travel,Bank Transfer,EUR,103568.88,Successful,Settled,Reconciled,103568.88,103568.88,0.0,Not Applicable,359.0,Slow
TXN-00690,2026-06-28 08:46:00,MER-007,Metro Logistics,Wallet,NGN,225977.63,Successful,Settled,Reconciled,225977.63,225977.63,0.0,Not Applicable,888.0,Slow
TXN-00666,2026-06-14 07:01:00,MER-006,Green Energy,Wallet,GBP,211229.02,Successful,Settled,Reconciled,211229.02,211229.02,0.0,Not Applicable,783.0,Slow
TXN-00518,2026-04-10 16:53:00,MER-009,StyleHouse,Mobile Money,NGN,11539.95,Successful,Settled,Reconciled,11539.95,11539.95,0.0,Not Applicable,505.0,Slow
TXN-00993,2026-01-24 12:01:00,MER-003,Nova Health,Bank Transfer,USD,151476.68,Successful,Settled,Reconciled,151476.68,151476.68,0.0,Not Applicable,813.0,Slow
TXN-00046,2026-03-19 20:35:00,MER-009,StyleHouse,Card,NGN,18903.44,Pending,Pending,Exception,18903.44,0.0,18903.44,Pending Review,153.0,Normal
TXN-00916,2026-03-15 04:29:00,MER-004,Urban Eats,Wallet,NGN,179454.94,Failed,Not Settled,Unreconciled,179454.94,0.0,179454.94,Fraud Check,98.0,Normal
TXN-00158,2026-05-25 09:05:00,MER-002,Apex Travel,Wallet,USD,107574.48,Successful,Settled,Reconciled,107574.48,107574.48,0.0,Not Applicable,424.0,Slow
TXN-00750,2026-01-18 16:56:00,MER-008,CloudLearn,Mobile Money,EUR,117689.41,Successful,Settled,Reconciled,117689.41,117689.41,0.0,Not Applicable,148.0,Normal
TXN-00172,2026-02-07 05:08:00,MER-005,Prime Electronics,Bank Transfer,USD,191063.81,Successful,Settled,Reconciled,191063.81,191063.81,0.0,Not Applicable,336.0,Slow
TXN-00017,2026-01-01 14:10:00,MER-005,Prime Electronics,Wallet,USD,126969.65,Successful,Settled,Reconciled,126969.65,126969.65,0.0,Not Applicable,892.0,Slow
TXN-00512,2026-04-28 02:41:00,MER-007,Metro Logistics,USSD,USD,19799.77,Successful,Settled,Reconciled,19799.77,19799.77,0.0,Not Applicable,821.0,Slow
TXN-00049,2026-05-23 00:22:00,MER-009,StyleHouse,USSD,USD,231448.38,Successful,Settled,Reconciled,231448.38,231448.38,0.0,Not Applicable,886.0,Slow
TXN-00980,2026-04-20 23:08:00,MER-005,Prime Electronics,Card,EUR,133640.56,Successful,Settled,Reconciled,133640.56,133640.56,0.0,Not Applicable,405.0,Slow
TXN-00847,2026-03-05 02:45:00,MER-007,Metro Logistics,USSD,NGN,72950.05,Successful,Settled,Reconciled,72950.05,72950.05,0.0,Not Applicable,23.0,Fast
TXN-00516,2026-02-10 13:56:00,MER-008,CloudLearn,Mobile Money,EUR,179192.85,Successful,Settled,Reconciled,179192.85,179192.85,0.0,Not Applicable,734.0,Slow
TXN-00830,2026-03-21 01:15:00,MER-010,Global Services,Bank Transfer,USD,228447.3,Successful,Settlement Exception,Exception,228447.3,0.0,228447.3,Not Applicable,428.0,Slow
TXN-00481,2026-04-26 11:43:00,MER-010,Global Services,Wallet,NGN,118107.7,Successful,Settled,Reconciled,118107.7,118107.7,0.0,Not Applicable,513.0,Slow
TXN-00284,2026-04-16 06:40:00,MER-002,Apex Travel,Card,EUR,86197.76,Successful,Settlement Exception,Exception,86197.76,0.0,86197.76,Not Applicable,555.0,Slow
TXN-00724,2026-03-01 22:20:00,MER-009,StyleHouse,USSD,USD,173987.79,Failed,Not Settled,Unreconciled,173987.79,0.0,173987.79,Insufficient Funds,60.0,Fast
TXN-00685,2026-02-25 13:04:00,MER-008,CloudLearn,USSD,NGN,83035.99,Pending,Pending,Exception,83035.99,0.0,83035.99,Pending Review,551.0,Slow
TXN-00226,2026-01-16 23:33:00,MER-006,Green Energy,Mobile Money,NGN,137544.29,Successful,Settled,Reconciled,137544.29,137544.29,0.0,Not Applicable,308.0,Slow
TXN-00027,2026-02-14 05:40:00,MER-008,CloudLearn,USSD,USD,23672.02,Pending,Not Settled,Unreconciled,23672.02,0.0,23672.02,Pending Review,442.0,Slow
TXN-00788,2026-02-27 00:41:00,MER-009,StyleHouse,Card,NGN,207939.21,Successful,Settled,Reconciled,207939.21,207939.21,0.0,Not Applicable,422.0,Slow
TXN-00438,2026-03-10 22:37:00,MER-006,Green Energy,Wallet,EUR,25447.0,Successful,Settled,Reconciled,25447.0,25447.0,0.0,Not Applicable,808.0,Slow
TXN-00959,2026-06-18 00:00:00,MER-008,CloudLearn,Card,USD,37240.34,Successful,Settled,Reconciled,37240.34,37240.34,0.0,Not Applicable,188.0,Normal
TXN-00365,2026-04-09 01:54:00,MER-003,Nova Health,Mobile Money,GBP,72404.38,Successful,Settled,Reconciled,72404.38,72404.38,0.0,Not Applicable,879.0,Slow
TXN-00230,2026-04-06 16:47:00,MER-007,Metro Logistics,USSD,NGN,31419.16,Successful,Settled,Reconciled,31419.16,31419.16,0.0,Not Applicable,658.0,Slow
TXN-00038,2026-02-27 14:14:00,MER-005,Prime Electronics,Bank Transfer,GBP,59747.62,Successful,Settled,Reconciled,59747.62,59747.62,0.0,Not Applicable,135.0,Normal
TXN-00974,2026-01-29 05:30:00,MER-008,CloudLearn,Wallet,NGN,72746.69,Successful,Settled,Reconciled,72746.69,72746.69,0.0,Not Applicable,82.0,Normal
TXN-00375,2026-03-09 16:36:00,MER-003,Nova Health,Card,EUR,156438.51,Pending,Pending,Exception,156438.51,0.0,156438.51,Pending Review,717.0,Slow
TXN-00470,2026-05-10 18:00:00,MER-005,Prime Electronics,USSD,EUR,212911.38,Successful,Settled,Reconciled,212911.38,212911.38,0.0,Not Applicable,259.0,Normal
TXN-00976,2026-01-09 05:01:00,MER-009,StyleHouse,Card,EUR,103313.55,Successful,Settled,Reconciled,103313.55,103313.55,0.0,Not Applicable,677.0,Slow
TXN-00882,2026-02-25 23:10:00,MER-003,Nova Health,Bank Transfer,USD,245279.28,Successful,Settled,Reconciled,245279.28,245279.28,0.0,Not Applicable,708.0,Slow
TXN-00709,2026-03-18 21:45:00,MER-005,Prime Electronics,Wallet,NGN,172519.24,Successful,Settled,Reconciled,172519.24,172519.24,0.0,Not Applicable,475.0,Slow
TXN-00731,2026-01-02 02:47:00,MER-002,Apex Travel,Mobile Money,GBP,99072.73,Failed,Not Settled,Unreconciled,99072.73,0.0,99072.73,Insufficient Funds,631.0,Slow
TXN-00195,2026-03-10 13:54:00,MER-003,Nova Health,Bank Transfer,USD,207853.13,Failed,Not Settled,Unreconciled,207853.13,0.0,207853.13,Network Timeout,829.0,Slow
TXN-00871,2026-01-06 04:16:00,MER-002,Apex Travel,Mobile Money,EUR,248583.81,Successful,Settled,Reconciled,248583.81,248583.81,0.0,Not Applicable,614.0,Slow
TXN-00504,2026-02-19 11:39:00,MER-007,Metro Logistics,USSD,EUR,162246.74,Successful,Settled,Reconciled,162246.74,162246.74,0.0,Not Applicable,116.0,Normal
TXN-00978,2026-05-24 02:51:00,MER-003,Nova Health,USSD,NGN,20914.31,Pending,Not Settled,Unreconciled,20914.31,0.0,20914.31,Pending Review,305.0,Slow
TXN-00837,2026-05-25 15:07:00,MER-004,Urban Eats,Card,GBP,183966.62,Successful,Settled,Reconciled,183966.62,183966.62,0.0,Not Applicable,528.0,Slow
TXN-00580,2026-03-10 20:25:00,MER-007,Metro Logistics,Bank Transfer,NGN,4239.0,Failed,Not Settled,Unreconciled,4239.0,0.0,4239.0,Fraud Check,881.0,Slow
TXN-00977,2026-03-06 17:01:00,MER-005,Prime Electronics,Wallet,NGN,192184.83,Successful,Settled,Reconciled,192184.83,192184.83,0.0,Not Applicable,117.0,Normal
TXN-00163,2026-01-29 04:01:00,MER-008,CloudLearn,Bank Transfer,NGN,87593.49,Failed,Not Settled,Unreconciled,87593.49,0.0,87593.49,Insufficient Funds,377.0,Slow
TXN-00707,2026-02-14 17:34:00,MER-009,StyleHouse,Wallet,EUR,245959.28,Successful,Settled,Reconciled,245959.28,245959.28,0.0,Not Applicable,572.0,Slow
TXN-00153,2026-01-21 16:32:00,MER-002,Apex Travel,USSD,EUR,194526.46,Failed,Not Settled,Unreconciled,194526.46,0.0,194526.46,Insufficient Funds,608.0,Slow
TXN-00686,2026-02-07 02:25:00,MER-009,StyleHouse,Wallet,GBP,137245.13,Failed,Not Settled,Unreconciled,137245.13,0.0,137245.13,Network Timeout,748.0,Slow
TXN-00705,2026-06-07 18:59:00,MER-008,CloudLearn,Bank Transfer,EUR,101276.21,Successful,Settled,Reconciled,101276.21,101276.21,0.0,Not Applicable,623.0,Slow
TXN-00761,2026-05-05 01:35:00,MER-006,Green Energy,Mobile Money,GBP,229633.56,Successful,Settlement Exception,Exception,229633.56,0.0,229633.56,Not Applicable,736.0,Slow
TXN-00112,2026-02-15 22:44:00,MER-006,Green Energy,Card,EUR,216241.15,Successful,Settled,Reconciled,216241.15,216241.15,0.0,Not Applicable,674.0,Slow
TXN-00227,2026-06-18 19:32:00,MER-003,Nova Health,Mobile Money,USD,30428.48,Successful,Settled,Reconciled,30428.48,30428.48,0.0,Not Applicable,812.0,Slow
TXN-00693,2026-06-28 02:00:00,MER-009,StyleHouse,Mobile Money,NGN,156485.51,Successful,Settlement Exception,Exception,156485.51,0.0,156485.51,Not Applicable,835.0,Slow
TXN-00104,2026-01-13 22:59:00,MER-004,Urban Eats,Mobile Money,USD,106342.23,Failed,Not Settled,Unreconciled,106342.23,0.0,106342.23,System Error,231.0,Normal
TXN-00422,2026-01-11 15:59:00,MER-008,CloudLearn,Wallet,GBP,191733.86,Successful,Settled,Reconciled,191733.86,191733.86,0.0,Not Applicable,164.0,Normal
TXN-00420,2026-06-30 02:46:00,MER-007,Metro Logistics,Mobile Money,EUR,136175.0,Successful,Settled,Reconciled,136175.0,136175.0,0.0,Not Applicable,353.0,Slow
TXN-00756,2026-05-23 18:43:00,MER-007,Metro Logistics,Wallet,GBP,136177.27,Successful,Settled,Reconciled,136177.27,136177.27,0.0,Not Applicable,178.0,Normal
TXN-00587,2026-05-06 04:53:00,MER-006,Green Energy,USSD,GBP,26735.15,Successful,Settled,Reconciled,26735.15,26735.15,0.0,Not Applicable,2412.0,Critical
TXN-00786,2026-03-02 23:29:00,MER-005,Prime Electronics,Mobile Money,NGN,63910.45,Failed,Not Settled,Unreconciled,63910.45,0.0,63910.45,Invalid Account,401.0,Slow
TXN-00673,2026-04-19 08:36:00,MER-005,Prime Electronics,Card,EUR,19711.5,Successful,Settled,Reconciled,19711.5,19711.5,0.0,Not Applicable,790.0,Slow
TXN-00120,2026-03-31 03:16:00,MER-003,Nova Health,USSD,EUR,86346.47,Failed,Not Settled,Unreconciled,86346.47,0.0,86346.47,Fraud Check,782.0,Slow
TXN-00054,2026-06-28 14:42:00,MER-009,StyleHouse,Mobile Money,NGN,28923.9,Successful,Settled,Reconciled,28923.9,28923.9,0.0,Not Applicable,183.0,Normal
TXN-00152,2026-03-07 05:11:00,MER-004,Urban Eats,Wallet,GBP,4043.69,Successful,Settled,Reconciled,4043.69,4043.69,0.0,Not Applicable,54.0,Fast
TXN-00404,2026-06-17 17:06:00,MER-004,Urban Eats,Wallet,EUR,175241.64,Successful,Settlement Exception,Exception,175241.64,0.0,175241.64,Not Applicable,470.0,Slow
TXN-00952,2026-03-19 01:23:00,MER-010,Global Services,Mobile Money,NGN,23910.33,Successful,Settled,Reconciled,23910.33,23910.33,0.0,Not Applicable,54.0,Fast
TXN-00208,2026-04-14 21:16:00,MER-007,Metro Logistics,Bank Transfer,NGN,130918.79,Successful,Settled,Reconciled,130918.79,130918.79,0.0,Not Applicable,70.0,Normal
TXN-00659,2026-06-02 05:50:00,MER-007,Metro Logistics,USSD,GBP,12366.5,Successful,Settled,Exception,12366.5,7760.53,4605.97,Not Applicable,621.0,Slow
TXN-00850,2026-02-01 06:19:00,MER-005,Prime Electronics,Bank Transfer,EUR,93038.39,Successful,Settled,Reconciled,93038.39,93038.39,0.0,Not Applicable,789.0,Slow
TXN-00768,2026-03-21 12:07:00,MER-003,Nova Health,Card,USD,160596.5,Successful,Settled,Reconciled,160596.5,160596.5,0.0,Not Applicable,881.0,Slow
TXN-00009,2026-05-05 10:27:00,MER-002,Apex Travel,Wallet,USD,133581.56,Successful,Settled,Reconciled,133581.56,133581.56,0.0,Not Applicable,168.0,Normal
TXN-00814,2026-01-19 04:45:00,MER-010,Global Services,USSD,USD,4006.02,Successful,Settled,Reconciled,4006.02,4006.02,0.0,Not Applicable,83.0,Normal
TXN-00037,2026-04-19 05:29:00,MER-001,SwiftMart,Wallet,NGN,104864.31,Failed,Not Settled,Unreconciled,104864.31,0.0,104864.31,Fraud Check,579.0,Slow
TXN-00453,2026-05-05 08:37:00,UNKNOWN,Metro Logistics,Bank Transfer,USD,208543.62,Successful,Settled,Reconciled,208543.62,208543.62,0.0,Not Applicable,328.0,Slow
TXN-00652,2026-05-27 15:23:00,MER-008,CloudLearn,Bank Transfer,NGN,172343.57,Successful,Settled,Reconciled,172343.57,172343.57,0.0,Not Applicable,742.0,Slow
TXN-00254,2026-04-19 15:56:00,UNKNOWN,CloudLearn,Mobile Money,USD,180377.89,Failed,Not Settled,Unreconciled,180377.89,0.0,180377.89,Network Timeout,492.0,Slow
TXN-00304,2026-06-16 10:46:00,MER-004,Urban Eats,Mobile Money,GBP,103541.15,Failed,Not Settled,Unreconciled,103541.15,0.0,103541.15,Network Timeout,885.0,Slow
TXN-00752,2026-03-24 12:25:00,MER-008,CloudLearn,Card,NGN,118886.06,Successful,Settled,Reconciled,118886.06,118886.06,0.0,Not Applicable,491.0,Slow
TXN-00572,2026-06-07 23:07:00,MER-006,Green Energy,USSD,EUR,221804.27,Successful,Settled,Reconciled,221804.27,221804.27,0.0,Not Applicable,514.0,Slow
TXN-00624,2026-04-27 14:44:00,MER-006,Green Energy,USSD,EUR,212240.3,Successful,Settled,Reconciled,212240.3,212240.3,0.0,Not Applicable,82.0,Normal
TXN-00715,2026-04-13 22:40:00,MER-003,Nova Health,Bank Transfer,USD,44798.8,Pending,Not Settled,Unreconciled,44798.8,0.0,44798.8,Pending Review,53.0,Fast
TXN-00899,2026-03-24 18:19:00,MER-002,Apex Travel,Card,GBP,122386.41,Successful,Settled,Exception,122386.41,118694.8,3691.61,Not Applicable,644.0,Slow
TXN-00263,2026-06-18 05:03:00,MER-008,CloudLearn,Mobile Money,EUR,53575.3,Failed,Not Settled,Unreconciled,53575.3,0.0,53575.3,Fraud Check,278.0,Normal
TXN-00611,2026-03-31 08:21:00,MER-003,Nova Health,Wallet,GBP,99530.09,Failed,Not Settled,Unreconciled,99530.09,0.0,99530.09,Insufficient Funds,132.0,Normal
TXN-00298,2026-03-12 17:01:00,MER-004,Urban Eats,Mobile Money,USD,82632.72,Successful,Settled,Reconciled,82632.72,82632.72,0.0,Not Applicable,461.0,Slow
TXN-00415,2026-01-24 10:41:00,MER-002,Apex Travel,Mobile Money,NGN,10769.81,Successful,Settled,Reconciled,10769.81,10769.81,0.0,Not Applicable,52.0,Fast
TXN-00151,2026-06-06 06:26:00,MER-003,Nova Health,Bank Transfer,GBP,199648.6,Successful,Settled,Reconciled,199648.6,199648.6,0.0,Not Applicable,677.0,Slow
TXN-00794,2026-06-23 23:06:00,MER-005,Prime Electronics,Bank Transfer,EUR,17442.68,Successful,Settled,Reconciled,17442.68,17442.68,0.0,Not Applicable,625.0,Slow
TXN-00641,2026-01-02 11:50:00,MER-004,Urban Eats,Card,USD,3779.74,Successful,Settled,Reconciled,3779.74,3779.74,0.0,Not Applicable,351.0,Slow
TXN-00896,2026-05-15 23:21:00,MER-003,Nova Health,Card,GBP,243804.35,Successful,Settled,Reconciled,243804.35,243804.35,0.0,Not Applicable,206.0,Normal
TXN-00551,2026-03-28 06:53:00,MER-003,Nova Health,Wallet,USD,34181.73,Successful,Settled,Reconciled,34181.73,34181.73,0.0,Not Applicable,816.0,Slow
TXN-00797,2026-05-22 11:48:00,MER-008,CloudLearn,Card,EUR,37298.68,Pending,Pending,Exception,37298.68,0.0,37298.68,Pending Review,1.0,Fast
TXN-00489,2026-01-31 09:43:00,MER-002,Apex Travel,Card,GBP,237121.0,Successful,Settled,Reconciled,237121.0,237121.0,0.0,Not Applicable,746.0,Slow
TXN-00711,2026-03-13 13:20:00,MER-007,Metro Logistics,Mobile Money,EUR,6325.54,Successful,Settled,Reconciled,6325.54,6325.54,0.0,Not Applicable,605.0,Slow
TXN-00148,2026-06-22 18:17:00,MER-008,CloudLearn,Card,USD,160461.95,Failed,Not Settled,Unreconciled,160461.95,0.0,160461.95,Insufficient Funds,22.0,Fast
TXN-00147,2026-03-08 00:35:00,MER-002,Apex Travel,Mobile Money,GBP,15231.47,Successful,Settlement Exception,Exception,15231.47,0.0,15231.47,Not Applicable,195.0,Normal
TXN-00848,2026-06-22 11:27:00,MER-009,StyleHouse,Mobile Money,EUR,144718.28,Pending,Not Settled,Unreconciled,144718.28,0.0,144718.28,Pending Review,662.0,Slow
TXN-00938,2026-03-02 13:41:00,MER-007,Metro Logistics,Card,USD,174650.7,Failed,Not Settled,Unreconciled,174650.7,0.0,174650.7,Bank Declined,68.0,Normal
TXN-00785,2026-05-05 07:31:00,MER-001,SwiftMart,Card,GBP,239050.3,Successful,Settled,Reconciled,239050.3,239050.3,0.0,Not Applicable,626.0,Slow
TXN-00660,2026-04-30 09:00:00,MER-008,CloudLearn,Card,EUR,200274.89,Successful,Settled,Reconciled,200274.89,200274.89,0.0,Not Applicable,370.0,Slow
TXN-00349,2026-04-27 14:17:00,MER-007,Metro Logistics,USSD,NGN,184373.35,Successful,Settled,Reconciled,184373.35,184373.35,0.0,Not Applicable,461.0,Slow
TXN-00464,2026-03-07 14:30:00,MER-004,Urban Eats,Mobile Money,GBP,205894.22,Failed,Not Settled,Unreconciled,205894.22,0.0,205894.22,System Error,407.0,Slow
TXN-00326,2026-02-18 18:47:00,MER-003,Nova Health,USSD,USD,184939.86,Successful,Settled,Exception,184939.86,183391.61,1548.25,Not Applicable,370.0,Slow
TXN-00187,2026-04-06 09:41:00,MER-009,StyleHouse,Wallet,USD,91038.1,Successful,Settled,Reconciled,91038.1,91038.1,0.0,Not Applicable,397.0,Slow
TXN-00124,2026-06-09 03:23:00,MER-008,CloudLearn,Card,EUR,3935.36,Successful,Settled,Reconciled,3935.36,3935.36,0.0,Not Applicable,420.0,Slow
TXN-00860,2026-05-23 05:28:00,MER-005,Prime Electronics,Bank Transfer,NGN,20989.03,Successful,Settled,Reconciled,20989.03,20989.03,0.0,Not Applicable,694.0,Slow
TXN-00609,2026-05-01 18:32:00,MER-008,CloudLearn,Wallet,NGN,191084.63,Failed,Not Settled,Unreconciled,191084.63,0.0,191084.63,Invalid Account,44.0,Fast
TXN-00144,2026-01-22 03:20:00,MER-002,Apex Travel,Bank Transfer,USD,97222.59,Successful,Settled,Reconciled,97222.59,97222.59,0.0,Not Applicable,687.0,Slow
TXN-00967,2026-04-30 10:51:00,MER-010,Global Services,USSD,GBP,236859.86,Pending,Pending,Exception,236859.86,0.0,236859.86,Pending Review,817.0,Slow
TXN-00198,2026-02-05 07:40:00,MER-006,Green Energy,Wallet,EUR,115473.83,Successful,Settled,Reconciled,115473.83,115473.83,0.0,Not Applicable,797.0,Slow
TXN-00610,2026-03-09 13:46:00,MER-010,Global Services,Mobile Money,EUR,224540.49,Failed,Not Settled,Unreconciled,224540.49,0.0,224540.49,Bank Declined,890.0,Slow
TXN-00280,2026-01-15 05:14:00,MER-010,Global Services,Card,NGN,207210.64,Failed,Not Settled,Unreconciled,207210.64,0.0,207210.64,Fraud Check,208.0,Normal
TXN-00294,2026-02-20 02:09:00,MER-001,SwiftMart,Wallet,USD,156535.69,Successful,Settled,Reconciled,156535.69,156535.69,0.0,Not Applicable,570.0,Slow
TXN-00401,2026-05-21 15:35:00,MER-004,Urban Eats,Wallet,USD,37726.54,Successful,Settled,Reconciled,37726.54,37726.54,0.0,Not Applicable,25.0,Fast
TXN-00123,2026-05-25 06:01:00,MER-003,Nova Health,USSD,NGN,31648.94,Failed,Not Settled,Unreconciled,31648.94,0.0,31648.94,Insufficient Funds,340.0,Slow
TXN-00184,2026-01-17 10:30:00,MER-010,Global Services,Wallet,EUR,115731.64,Failed,Not Settled,Unreconciled,115731.64,0.0,115731.64,System Error,811.0,Slow
TXN-00203,2026-04-29 07:43:00,MER-006,Green Energy,Bank Transfer,USD,9671.97,Successful,Settled,Reconciled,9671.97,9671.97,0.0,Not Applicable,713.0,Slow
TXN-00439,2026-05-06 02:14:00,MER-004,Urban Eats,Bank Transfer,EUR,18519.98,Successful,Settled,Reconciled,18519.98,18519.98,0.0,Not Applicable,302.0,Slow
TXN-00247,2026-03-07 23:53:00,MER-009,StyleHouse,Mobile Money,NGN,96648.57,Successful,Settled,Reconciled,96648.57,96648.57,0.0,Not Applicable,783.0,Slow
TXN-00416,2026-05-30 13:59:00,MER-007,Metro Logistics,USSD,NGN,95744.09,Successful,Settled,Reconciled,95744.09,95744.09,0.0,Not Applicable,177.0,Normal
TXN-00782,2026-02-08 09:14:00,MER-010,Global Services,Mobile Money,NGN,160601.05,Successful,Settled,Reconciled,160601.05,160601.05,0.0,Not Applicable,54.0,Fast
TXN-00771,2026-03-16 18:58:00,MER-009,StyleHouse,Wallet,GBP,8462.12,Successful,Settled,Reconciled,8462.12,8462.12,0.0,Not Applicable,582.0,Slow
TXN-00913,2026-06-29 10:52:00,MER-006,Green Energy,USSD,EUR,80673.1,Successful,Settled,Reconciled,80673.1,80673.1,0.0,Not Applicable,828.0,Slow
TXN-00774,2026-05-05 12:45:00,MER-009,StyleHouse,Wallet,GBP,153298.47,Successful,Settled,Reconciled,153298.47,153298.47,0.0,Not Applicable,548.0,Slow
TXN-00894,2026-05-27 01:53:00,MER-008,CloudLearn,Mobile Money,USD,3295.18,Pending,Pending,Exception,3295.18,0.0,3295.18,Pending Review,504.0,Slow
TXN-00130,2026-02-13 20:12:00,MER-008,CloudLearn,Wallet,USD,58123.89,Pending,Not Settled,Unreconciled,58123.89,0.0,58123.89,Pending Review,261.0,Normal
TXN-00638,2026-02-21 19:46:00,MER-009,StyleHouse,Mobile Money,EUR,47081.36,Successful,Settled,Reconciled,47081.36,47081.36,0.0,Not Applicable,187.0,Normal
TXN-00403,2026-02-07 08:30:00,MER-009,StyleHouse,Bank Transfer,EUR,123058.02,Successful,Settled,Reconciled,123058.02,123058.02,0.0,Not Applicable,146.0,Normal
TXN-00790,2026-04-19 03:49:00,MER-004,Urban Eats,Wallet,NGN,177047.97,Successful,Settled,Reconciled,177047.97,177047.97,0.0,Not Applicable,89.0,Normal
TXN-00929,2026-02-15 20:09:00,MER-008,CloudLearn,Card,USD,149995.35,Successful,Settled,Reconciled,149995.35,149995.35,0.0,Not Applicable,3045.0,Critical
TXN-00736,2026-03-10 07:27:00,MER-009,StyleHouse,Bank Transfer,EUR,46925.99,Successful,Settled,Reconciled,46925.99,46925.99,0.0,Not Applicable,886.0,Slow
TXN-00920,2026-04-16 00:16:00,MER-008,CloudLearn,Bank Transfer,EUR,67057.19,Pending,Not Settled,Unreconciled,67057.19,0.0,67057.19,Pending Review,546.0,Slow
TXN-00220,2026-04-04 09:42:00,MER-003,Nova Health,Card,USD,212182.46,Pending,Not Settled,Unreconciled,212182.46,0.0,212182.46,Pending Review,801.0,Slow
TXN-00642,2026-04-01 17:31:00,MER-006,Green Energy,USSD,NGN,82629.14,Successful,Settled,Reconciled,82629.14,82629.14,0.0,Not Applicable,58.0,Fast
TXN-00922,2026-02-24 15:55:00,MER-007,Metro Logistics,USSD,GBP,215060.47,Successful,Settled,Reconciled,215060.47,215060.47,0.0,Not Applicable,650.0,Slow
TXN-00758,2026-02-02 01:42:00,MER-005,Prime Electronics,USSD,NGN,149604.97,Pending,Not Settled,Unreconciled,149604.97,0.0,149604.97,Pending Review,834.0,Slow
TXN-00884,2026-03-27 09:27:00,MER-002,Apex Travel,Mobile Money,NGN,16655.22,Pending,Pending,Exception,16655.22,0.0,16655.22,Pending Review,11.0,Fast
TXN-00926,2026-03-30 10:40:00,MER-001,SwiftMart,Card,NGN,78544.8,Successful,Settled,Reconciled,78544.8,78544.8,0.0,Not Applicable,888.0,Slow
TXN-00625,2026-02-27 16:27:00,MER-005,Prime Electronics,Mobile Money,EUR,67884.9,Successful,Settled,Reconciled,67884.9,67884.9,0.0,Not Applicable,800.0,Slow
TXN-00845,2026-01-20 21:49:00,MER-003,Nova Health,Mobile Money,NGN,174300.82,Successful,Settled,Reconciled,174300.82,174300.82,0.0,Not Applicable,155.0,Normal
TXN-00766,2026-02-01 13:38:00,MER-008,CloudLearn,Bank Transfer,USD,138899.85,Successful,Settled,Reconciled,138899.85,138899.85,0.0,Not Applicable,861.0,Slow
TXN-00387,2026-05-24 16:27:00,MER-007,Metro Logistics,Wallet,GBP,157179.82,Failed,Not Settled,Unreconciled,157179.82,0.0,157179.82,Invalid Account,786.0,Slow
TXN-00981,2026-03-28 20:34:00,MER-008,CloudLearn,USSD,EUR,75769.72,Failed,Not Settled,Unreconciled,75769.72,0.0,75769.72,System Error,370.0,Slow
TXN-00510,2026-03-04 22:36:00,MER-007,Metro Logistics,Bank Transfer,NGN,3010.05,Successful,Settled,Reconciled,3010.05,3010.05,0.0,Not Applicable,518.0,Slow
TXN-00268,2026-05-12 15:20:00,MER-001,SwiftMart,Bank Transfer,EUR,220573.02,Successful,Settlement Exception,Exception,220573.02,0.0,220573.02,Not Applicable,38.0,Fast
TXN-00826,2026-05-12 00:56:00,MER-004,Urban Eats,Mobile Money,GBP,50632.5,Successful,Settled,Reconciled,50632.5,50632.5,0.0,Not Applicable,33.0,Fast
TXN-00442,2026-01-29 14:23:00,MER-001,SwiftMart,Card,GBP,51467.06,Successful,Settled,Reconciled,51467.06,51467.06,0.0,Not Applicable,420.0,Slow
TXN-00497,2026-02-17 21:02:00,MER-009,StyleHouse,Bank Transfer,GBP,175888.84,Successful,Settled,Reconciled,175888.84,175888.84,0.0,Not Applicable,165.0,Normal
TXN-00113,2026-01-10 20:49:00,MER-004,Urban Eats,Wallet,GBP,155696.2,Successful,Settled,Reconciled,155696.2,155696.2,0.0,Not Applicable,1404.0,Critical
TXN-00692,2026-03-31 04:32:00,MER-007,Metro Logistics,Bank Transfer,NGN,86760.3,Successful,Settled,Reconciled,86760.3,86760.3,0.0,Not Applicable,364.0,Slow
TXN-00233,2026-06-22 11:37:00,MER-009,StyleHouse,Mobile Money,NGN,62726.27,Pending,Not Settled,Unreconciled,62726.27,0.0,62726.27,Pending Review,565.0,Slow
TXN-00957,2026-05-17 03:17:00,MER-006,Green Energy,USSD,GBP,225707.89,Successful,Settled,Reconciled,225707.89,225707.89,0.0,Not Applicable,628.0,Slow
TXN-00608,2026-06-01 23:54:00,MER-004,Urban Eats,Wallet,GBP,39083.29,Successful,Settled,Reconciled,39083.29,39083.29,0.0,Not Applicable,123.0,Normal
TXN-00672,2026-02-09 13:59:00,MER-002,Apex Travel,Mobile Money,EUR,43308.33,Pending,Pending,Exception,43308.33,0.0,43308.33,Pending Review,720.0,Slow
TXN-00374,2026-06-15 13:15:00,MER-003,Nova Health,Mobile Money,USD,218618.4,Successful,Settled,Reconciled,218618.4,218618.4,0.0,Not Applicable,96.0,Normal
TXN-00990,2026-05-07 23:29:00,MER-007,Metro Logistics,Card,USD,72073.89,Successful,Settled,Reconciled,72073.89,72073.89,0.0,Not Applicable,481.0,Slow
TXN-00849,2026-03-30 12:00:00,MER-010,Global Services,Wallet,EUR,114555.97,Failed,Not Settled,Unreconciled,114555.97,0.0,114555.97,Bank Declined,136.0,Normal
TXN-00234,2026-01-23 18:52:00,MER-005,Prime Electronics,Wallet,NGN,125693.03,Successful,Settled,Reconciled,125693.03,125693.03,0.0,Not Applicable,607.0,Slow
TXN-00791,2026-04-30 11:49:00,MER-010,Global Services,Bank Transfer,NGN,173943.84,Successful,Settled,Reconciled,173943.84,173943.84,0.0,Not Applicable,302.0,Slow
TXN-00677,2026-01-17 09:34:00,UNKNOWN,Urban Eats,USSD,GBP,196613.44,Successful,Settled,Reconciled,196613.44,196613.44,0.0,Not Applicable,136.0,Normal
TXN-00318,2026-02-19 08:25:00,MER-001,SwiftMart,Card,GBP,224837.98,Failed,Not Settled,Unreconciled,224837.98,0.0,224837.98,Insufficient Funds,674.0,Slow
TXN-00649,2026-04-19 12:53:00,MER-003,Nova Health,Mobile Money,NGN,62255.69,Successful,Settled,Reconciled,62255.69,62255.69,0.0,Not Applicable,94.0,Normal
TXN-00411,2026-03-06 18:15:00,MER-007,Metro Logistics,Wallet,NGN,169328.13,Successful,Settlement Exception,Exception,169328.13,0.0,169328.13,Not Applicable,840.0,Slow
TXN-00905,2026-02-25 04:01:00,UNKNOWN,Nova Health,USSD,EUR,33708.61,Pending,Not Settled,Unreconciled,33708.61,0.0,33708.61,Pending Review,399.0,Slow
TXN-00710,2026-05-12 13:17:00,MER-009,StyleHouse,Card,USD,194704.91,Pending,Pending,Exception,194704.91,0.0,194704.91,Pending Review,560.0,Slow
TXN-00359,2026-02-23 04:09:00,MER-001,SwiftMart,Mobile Money,USD,134448.39,Successful,Settled,Reconciled,134448.39,134448.39,0.0,Not Applicable,800.0,Slow
TXN-00259,2026-05-21 12:52:00,MER-005,Prime Electronics,Wallet,EUR,48146.82,Successful,Settled,Reconciled,48146.82,48146.82,0.0,Not Applicable,286.0,Normal
TXN-00745,2026-04-12 21:02:00,MER-009,StyleHouse,Card,USD,135677.93,Failed,Not Settled,Unreconciled,135677.93,0.0,135677.93,Bank Declined,327.0,Slow
TXN-00628,2026-01-10 19:10:00,MER-001,SwiftMart,USSD,NGN,26071.71,Failed,Not Settled,Unreconciled,26071.71,0.0,26071.71,Insufficient Funds,160.0,Normal
TXN-00633,2026-06-15 11:08:00,MER-006,Green Energy,USSD,USD,201196.47,Successful,Settled,Reconciled,201196.47,201196.47,0.0,Not Applicable,316.0,Slow
TXN-00283,2026-01-11 12:15:00,MER-009,StyleHouse,USSD,GBP,180847.69,Successful,Settled,Reconciled,180847.69,180847.69,0.0,Not Applicable,261.0,Normal
TXN-00377,2026-03-23 00:31:00,MER-001,SwiftMart,Card,GBP,204295.55,Successful,Settled,Reconciled,204295.55,204295.55,0.0,Not Applicable,452.5,Slow
TXN-00385,2026-06-27 23:37:00,MER-001,SwiftMart,Mobile Money,GBP,33082.52,Failed,Not Settled,Unreconciled,33082.52,0.0,33082.52,Bank Declined,431.0,Slow
TXN-00225,2026-06-16 20:09:00,MER-008,CloudLearn,Bank Transfer,NGN,34018.53,Successful,Settled,Reconciled,34018.53,34018.53,0.0,Not Applicable,463.0,Slow
TXN-00962,2026-01-23 12:15:00,MER-006,Green Energy,Card,USD,217056.46,Successful,Settled,Reconciled,217056.46,217056.46,0.0,Not Applicable,855.0,Slow
TXN-00821,2026-04-23 06:55:00,MER-008,CloudLearn,Card,NGN,185130.18,Failed,Not Settled,Unreconciled,185130.18,0.0,185130.18,Network Timeout,181.0,Normal
TXN-00473,2026-04-27 14:48:00,MER-006,Green Energy,Mobile Money,GBP,164064.29,Pending,Pending,Exception,164064.29,0.0,164064.29,Pending Review,306.0,Slow
TXN-00348,2026-04-11 11:19:00,MER-003,Nova Health,Mobile Money,EUR,239619.81,Successful,Settled,Reconciled,239619.81,239619.81,0.0,Not Applicable,817.0,Slow
TXN-00506,2026-04-22 06:54:00,MER-007,Metro Logistics,Mobile Money,NGN,215657.69,Pending,Not Settled,Unreconciled,215657.69,0.0,215657.69,Pending Review,134.0,Normal
TXN-00640,2026-06-26 12:45:00,MER-009,StyleHouse,Card,USD,243085.92,Successful,Settled,Reconciled,243085.92,243085.92,0.0,Not Applicable,276.0,Normal
TXN-00996,2026-03-30 12:57:00,MER-005,Prime Electronics,Mobile Money,GBP,192366.54,Failed,Not Settled,Unreconciled,192366.54,0.0,192366.54,Network Timeout,274.0,Normal
TXN-00798,2026-05-01 23:42:00,MER-007,Metro Logistics,Mobile Money,USD,175043.79,Successful,Settled,Reconciled,175043.79,175043.79,0.0,Not Applicable,452.5,Slow
TXN-00935,2026-04-08 09:03:00,MER-004,Urban Eats,USSD,EUR,2065.74,Successful,Settled,Reconciled,2065.74,2065.74,0.0,Not Applicable,262.0,Normal
TXN-00912,2026-01-07 19:18:00,MER-008,CloudLearn,USSD,EUR,66728.06,Pending,Pending,Exception,66728.06,0.0,66728.06,Pending Review,481.0,Slow
TXN-00620,2026-01-19 00:25:00,MER-003,Nova Health,Card,USD,203473.14,Successful,Settled,Reconciled,203473.14,203473.14,0.0,Not Applicable,860.0,Slow
TXN-00862,2026-06-15 09:03:00,MER-006,Green Energy,USSD,USD,179019.35,Successful,Settled,Exception,179019.35,177288.2,1731.15,Not Applicable,379.0,Slow
TXN-00810,2026-01-20 08:34:00,MER-002,Apex Travel,USSD,USD,15871.22,Successful,Settled,Reconciled,15871.22,15871.22,0.0,Not Applicable,437.0,Slow
TXN-00646,2026-05-16 13:45:00,MER-009,StyleHouse,Wallet,NGN,63402.85,Pending,Pending,Exception,63402.85,0.0,63402.85,Pending Review,306.0,Slow
TXN-00853,2026-02-03 14:04:00,MER-004,Urban Eats,Wallet,NGN,166421.77,Successful,Settled,Reconciled,166421.77,166421.77,0.0,Not Applicable,152.0,Normal
TXN-00557,2026-03-30 16:34:00,MER-006,Green Energy,Mobile Money,USD,167856.76,Successful,Settled,Reconciled,167856.76,167856.76,0.0,Not Applicable,103.0,Normal
TXN-00966,2026-05-01 01:34:00,MER-008,CloudLearn,USSD,GBP,148591.64,Successful,Settlement Exception,Exception,148591.64,0.0,148591.64,Not Applicable,338.0,Slow
TXN-00578,2026-03-29 16:26:00,MER-003,Nova Health,Bank Transfer,EUR,150249.59,Failed,Not Settled,Unreconciled,150249.59,0.0,150249.59,Network Timeout,841.0,Slow
TXN-00796,2026-05-11 05:37:00,MER-005,Prime Electronics,Card,NGN,18322.58,Failed,Not Settled,Unreconciled,18322.58,0.0,18322.58,Bank Declined,746.0,Slow
TXN-00086,2026-04-23 02:57:00,MER-009,StyleHouse,USSD,EUR,108950.07,Pending,Not Settled,Unreconciled,108950.07,0.0,108950.07,Pending Review,607.0,Slow
TXN-00243,2026-03-26 23:32:00,MER-008,CloudLearn,Mobile Money,EUR,5891.76,Successful,Settled,Reconciled,5891.76,5891.76,0.0,Not Applicable,518.0,Slow
TXN-00699,2026-01-22 13:14:00,MER-003,Nova Health,Mobile Money,USD,181797.18,Successful,Settlement Exception,Exception,181797.18,0.0,181797.18,Not Applicable,424.0,Slow
TXN-00160,2026-03-28 08:06:00,MER-002,Apex Travel,Card,NGN,23398.2,Successful,Settled,Reconciled,23398.2,23398.2,0.0,Not Applicable,763.0,Slow
TXN-00525,2026-04-20 16:28:00,MER-009,StyleHouse,Mobile Money,GBP,177997.4,Failed,Not Settled,Unreconciled,177997.4,0.0,177997.4,Network Timeout,648.0,Slow
TXN-00036,2026-05-03 22:02:00,MER-004,Urban Eats,USSD,NGN,235404.87,Failed,Not Settled,Unreconciled,235404.87,0.0,235404.87,Fraud Check,253.0,Normal
TXN-00541,2026-05-02 18:38:00,MER-006,Green Energy,USSD,USD,226133.66,Failed,Not Settled,Unreconciled,226133.66,0.0,226133.66,Network Timeout,637.0,Slow
TXN-00171,2026-04-06 22:12:00,MER-005,Prime Electronics,Card,USD,98876.32,Failed,Not Settled,Unreconciled,98876.32,0.0,98876.32,Insufficient Funds,57.0,Fast
TXN-00655,2026-03-08 19:56:00,UNKNOWN,CloudLearn,Card,EUR,183441.07,Successful,Settled,Reconciled,183441.07,183441.07,0.0,Not Applicable,635.0,Slow
TXN-00897,2026-01-23 08:21:00,MER-004,Urban Eats,USSD,EUR,69701.73,Pending,Not Settled,Unreconciled,69701.73,0.0,69701.73,Pending Review,785.0,Slow
TXN-00864,2026-05-27 07:21:00,MER-008,CloudLearn,Mobile Money,USD,201437.63,Successful,Settled,Reconciled,201437.63,201437.63,0.0,Not Applicable,747.0,Slow
TXN-00854,2026-01-30 14:23:00,MER-009,StyleHouse,Mobile Money,NGN,230116.45,Successful,Settled,Reconciled,230116.45,230116.45,0.0,Not Applicable,512.0,Slow
TXN-00951,2026-01-02 21:05:00,MER-008,CloudLearn,Bank Transfer,GBP,243602.35,Successful,Settled,Reconciled,243602.35,243602.35,0.0,Not Applicable,704.0,Slow
TXN-00734,2026-05-23 17:18:00,MER-007,Metro Logistics,Card,GBP,141279.17,Pending,Pending,Exception,141279.17,0.0,141279.17,Pending Review,324.0,Slow
TXN-00096,2026-05-09 21:22:00,MER-009,StyleHouse,Bank Transfer,GBP,11474.37,Successful,Settled,Reconciled,11474.37,11474.37,0.0,Not Applicable,567.0,Slow
TXN-00564,2026-02-08 17:33:00,MER-001,SwiftMart,Wallet,GBP,135912.98,Failed,Not Settled,Unreconciled,135912.98,0.0,135912.98,System Error,484.0,Slow
TXN-00241,2026-03-23 20:18:00,MER-004,Urban Eats,Bank Transfer,NGN,12746.26,Successful,Settled,Reconciled,12746.26,12746.26,0.0,Not Applicable,885.0,Slow
TXN-00743,2026-02-26 21:14:00,MER-001,SwiftMart,Wallet,GBP,159748.83,Successful,Settled,Reconciled,159748.83,159748.83,0.0,Not Applicable,329.0,Slow
TXN-00575,2026-01-30 08:29:00,MER-007,Metro Logistics,Card,USD,10881.77,Failed,Not Settled,Unreconciled,10881.77,0.0,10881.77,Network Timeout,607.0,Slow
TXN-00691,2026-02-06 04:53:00,MER-009,StyleHouse,USSD,NGN,10034.13,Failed,Not Settled,Unreconciled,10034.13,0.0,10034.13,Bank Declined,313.0,Slow
TXN-00461,2026-02-19 01:06:00,MER-007,Metro Logistics,Wallet,NGN,47065.13,Successful,Settled,Reconciled,47065.13,47065.13,0.0,Not Applicable,844.0,Slow
TXN-00554,2026-05-13 03:40:00,MER-006,Green Energy,Bank Transfer,EUR,226416.44,Failed,Not Settled,Unreconciled,226416.44,0.0,226416.44,Network Timeout,146.0,Normal
TXN-00885,2026-05-23 10:13:00,MER-002,Apex Travel,Wallet,USD,146942.0,Successful,Settled,Exception,146942.0,146205.67,736.33,Not Applicable,190.0,Normal
TXN-00207,2026-04-15 16:25:00,MER-004,Urban Eats,Bank Transfer,GBP,107366.8,Failed,Not Settled,Unreconciled,107366.8,0.0,107366.8,Network Timeout,362.0,Slow
TXN-00393,2026-06-11 08:48:00,MER-002,Apex Travel,Card,GBP,201796.25,Successful,Settled,Reconciled,201796.25,201796.25,0.0,Not Applicable,537.0,Slow
TXN-00795,2026-01-20 17:44:00,MER-003,Nova Health,Wallet,EUR,54674.79,Pending,Not Settled,Unreconciled,54674.79,0.0,54674.79,Pending Review,109.0,Normal
TXN-00398,2026-04-15 01:04:00,MER-006,Green Energy,Card,NGN,44918.15,Failed,Not Settled,Unreconciled,44918.15,0.0,44918.15,Invalid Account,48.0,Fast
TXN-00767,2026-06-08 21:02:00,MER-003,Nova Health,Bank Transfer,NGN,18029.32,Successful,Settled,Reconciled,18029.32,18029.32,0.0,Not Applicable,148.0,Normal
TXN-00855,2026-06-18 21:40:00,MER-006,Green Energy,Bank Transfer,NGN,242540.53,Failed,Not Settled,Unreconciled,242540.53,0.0,242540.53,Bank Declined,520.0,Slow
TXN-00218,2026-03-01 16:42:00,MER-005,Prime Electronics,Mobile Money,EUR,150695.14,Successful,Settled,Reconciled,150695.14,150695.14,0.0,Not Applicable,171.0,Normal
TXN-00005,2026-01-18 14:33:00,MER-006,Green Energy,Mobile Money,GBP,201801.36,Pending,Pending,Exception,201801.36,0.0,201801.36,Pending Review,471.0,Slow
TXN-00769,2026-04-21 00:47:00,MER-007,Metro Logistics,Wallet,USD,113653.15,Successful,Settled,Reconciled,113653.15,113653.15,0.0,Not Applicable,566.0,Slow
TXN-00643,2026-04-09 21:14:00,MER-008,CloudLearn,Bank Transfer,USD,223935.17,Successful,Settled,Exception,223935.17,219061.92,4873.25,Not Applicable,837.0,Slow
TXN-00904,2026-03-23 22:35:00,MER-006,Green Energy,USSD,EUR,114968.09,Successful,Settled,Reconciled,114968.09,114968.09,0.0,Not Applicable,182.0,Normal
TXN-00613,2026-06-27 18:25:00,MER-002,Apex Travel,Wallet,EUR,78981.25,Successful,Settled,Reconciled,78981.25,78981.25,0.0,Not Applicable,13.0,Fast
TXN-00739,2026-01-17 20:35:00,MER-008,CloudLearn,Wallet,NGN,199776.42,Failed,Not Settled,Unreconciled,199776.42,0.0,199776.42,Network Timeout,158.0,Normal
TXN-00547,2026-05-25 13:58:00,MER-005,Prime Electronics,Wallet,NGN,143783.08,Successful,Settled,Reconciled,143783.08,143783.08,0.0,Not Applicable,265.0,Normal
TXN-00726,2026-02-22 06:44:00,MER-007,Metro Logistics,Wallet,GBP,64989.04,Failed,Not Settled,Unreconciled,64989.04,0.0,64989.04,Bank Declined,639.0,Slow
TXN-00684,2026-01-21 10:57:00,MER-001,SwiftMart,Bank Transfer,USD,217201.21,Successful,Settled,Reconciled,217201.21,217201.21,0.0,Not Applicable,15.0,Fast
TXN-00099,2026-01-10 18:13:00,MER-003,Nova Health,Bank Transfer,GBP,21386.71,Successful,Settled,Reconciled,21386.71,21386.71,0.0,Not Applicable,122.0,Normal
TXN-00805,2026-02-13 09:57:00,MER-008,CloudLearn,USSD,NGN,198205.52,Pending,Not Settled,Unreconciled,198205.52,0.0,198205.52,Pending Review,316.0,Slow
TXN-00728,2026-05-28 02:07:00,MER-003,Nova Health,Wallet,USD,177175.91,Successful,Settled,Reconciled,177175.91,177175.91,0.0,Not Applicable,2.0,Fast
TXN-00574,2026-01-22 12:59:00,MER-004,Urban Eats,USSD,GBP,180091.89,Successful,Settled,Reconciled,180091.89,180091.89,0.0,Not Applicable,692.0,Slow
TXN-00407,2026-03-01 09:24:00,MER-006,Green Energy,USSD,GBP,58479.45,Successful,Settled,Reconciled,58479.45,58479.45,0.0,Not Applicable,140.0,Normal
TXN-00503,2026-04-24 04:42:00,MER-005,Prime Electronics,Card,GBP,203759.58,Successful,Settled,Reconciled,203759.58,203759.58,0.0,Not Applicable,117.0,Normal
TXN-00048,2026-06-26 23:35:00,MER-001,SwiftMart,Mobile Money,USD,170548.47,Pending,Not Settled,Unreconciled,170548.47,0.0,170548.47,Pending Review,106.0,Normal
TXN-00033,2026-02-21 22:16:00,MER-007,Metro Logistics,Wallet,EUR,38783.73,Successful,Settlement Exception,Exception,38783.73,0.0,38783.73,Not Applicable,223.0,Normal
TXN-00780,2026-02-02 21:58:00,MER-009,StyleHouse,Card,GBP,246019.51,Successful,Settled,Reconciled,246019.51,246019.51,0.0,Not Applicable,610.0,Slow
TXN-00840,2026-02-13 10:36:00,MER-009,StyleHouse,Card,EUR,184371.28,Failed,Not Settled,Unreconciled,184371.28,0.0,184371.28,System Error,893.0,Slow
TXN-00201,2026-06-01 06:53:00,MER-007,Metro Logistics,Card,USD,204194.14,Successful,Settled,Reconciled,204194.14,204194.14,0.0,Not Applicable,28.0,Fast
TXN-00135,2026-06-15 18:32:00,MER-010,Global Services,USSD,GBP,193957.67,Successful,Settled,Reconciled,193957.67,193957.67,0.0,Not Applicable,622.0,Slow
TXN-00028,2026-03-19 02:38:00,MER-007,Metro Logistics,USSD,NGN,168373.8,Pending,Pending,Exception,168373.8,0.0,168373.8,Pending Review,101.0,Normal
TXN-00887,2026-04-22 14:02:00,MER-004,Urban Eats,Wallet,NGN,24866.51,Failed,Not Settled,Unreconciled,24866.51,0.0,24866.51,Insufficient Funds,2019.0,Critical
TXN-00231,2026-04-05 04:22:00,MER-006,Green Energy,Bank Transfer,USD,191968.63,Successful,Settled,Reconciled,191968.63,191968.63,0.0,Not Applicable,444.0,Slow
TXN-00490,2026-03-20 22:42:00,MER-003,Nova Health,Mobile Money,EUR,89876.8,Successful,Settled,Reconciled,89876.8,89876.8,0.0,Not Applicable,169.0,Normal
TXN-00773,2026-03-26 15:20:00,MER-009,StyleHouse,Card,NGN,61383.3,Pending,Pending,Exception,61383.3,0.0,61383.3,Pending Review,760.0,Slow
TXN-00379,2026-06-09 04:44:00,MER-003,Nova Health,Bank Transfer,NGN,132674.02,Successful,Settled,Reconciled,132674.02,132674.02,0.0,Not Applicable,625.0,Slow
TXN-00289,2026-03-11 01:05:00,MER-004,Urban Eats,Bank Transfer,EUR,86605.32,Successful,Settled,Reconciled,86605.32,86605.32,0.0,Not Applicable,194.0,Normal
TXN-00419,2026-03-18 07:39:00,MER-004,Urban Eats,Wallet,USD,157725.52,Failed,Not Settled,Unreconciled,157725.52,0.0,157725.52,Insufficient Funds,814.0,Slow
TXN-00675,2026-05-22 12:35:00,MER-007,Metro Logistics,Card,GBP,131143.4,Successful,Settled,Reconciled,131143.4,131143.4,0.0,Not Applicable,553.0,Slow
TXN-00392,2026-04-01 08:51:00,MER-006,Green Energy,Wallet,GBP,41824.04,Successful,Settled,Reconciled,41824.04,41824.04,0.0,Not Applicable,452.5,Slow
TXN-00593,2026-05-30 20:51:00,MER-003,Nova Health,USSD,EUR,22126.36,Successful,Settled,Reconciled,22126.36,22126.36,0.0,Not Applicable,228.0,Normal
TXN-00499,2026-06-02 01:11:00,MER-010,Global Services,USSD,USD,237366.56,Failed,Not Settled,Unreconciled,237366.56,0.0,237366.56,System Error,452.5,Slow
TXN-00139,2026-06-21 21:13:00,MER-008,CloudLearn,Mobile Money,GBP,201077.71,Successful,Settled,Reconciled,201077.71,201077.71,0.0,Not Applicable,78.0,Normal
TXN-00063,2026-04-22 06:41:00,MER-002,Apex Travel,USSD,EUR,221545.61,Failed,Not Settled,Unreconciled,221545.61,0.0,221545.61,System Error,200.0,Normal
TXN-00472,2026-04-13 05:02:00,MER-010,Global Services,Wallet,GBP,74689.13,Successful,Settled,Reconciled,74689.13,74689.13,0.0,Not Applicable,494.0,Slow
TXN-00648,2026-04-17 10:34:00,MER-002,Apex Travel,USSD,USD,2331.57,Successful,Settled,Reconciled,2331.57,2331.57,0.0,Not Applicable,596.0,Slow
TXN-00129,2026-02-14 10:54:00,MER-009,StyleHouse,USSD,USD,42578.91,Successful,Settled,Reconciled,42578.91,42578.91,0.0,Not Applicable,625.0,Slow
TXN-00985,2026-01-28 17:56:00,MER-008,CloudLearn,USSD,EUR,5004.98,Successful,Settled,Reconciled,5004.98,5004.98,0.0,Not Applicable,600.0,Slow
TXN-00521,2026-05-21 13:33:00,MER-008,CloudLearn,USSD,USD,240967.3,Successful,Settled,Reconciled,240967.3,240967.3,0.0,Not Applicable,544.0,Slow
TXN-00839,2026-03-08 16:58:00,MER-003,Nova Health,Wallet,NGN,140233.48,Successful,Settlement Exception,Exception,140233.48,0.0,140233.48,Not Applicable,142.0,Normal
TXN-00971,2026-02-26 10:51:00,MER-010,Global Services,Bank Transfer,GBP,166413.52,Successful,Settled,Reconciled,166413.52,166413.52,0.0,Not Applicable,525.0,Slow
TXN-00065,2026-06-12 12:05:00,MER-002,Apex Travel,USSD,USD,44054.08,Pending,Not Settled,Unreconciled,44054.08,0.0,44054.08,Pending Review,531.0,Slow
TXN-00813,2026-05-07 18:09:00,MER-006,Green Energy,Wallet,USD,109721.44,Failed,Not Settled,Unreconciled,109721.44,0.0,109721.44,Network Timeout,42.0,Fast
TXN-00015,2026-03-18 20:26:00,MER-010,Global Services,Card,EUR,95466.66,Successful,Settled,Reconciled,95466.66,95466.66,0.0,Not Applicable,542.0,Slow
TXN-00157,2026-04-10 19:48:00,MER-006,Green Energy,USSD,GBP,113483.48,Failed,Not Settled,Unreconciled,113483.48,0.0,113483.48,Insufficient Funds,441.0,Slow
TXN-00041,2026-01-29 17:12:00,MER-008,CloudLearn,Wallet,GBP,152958.27,Pending,Pending,Exception,152958.27,0.0,152958.27,Pending Review,542.0,Slow
TXN-00493,2026-04-19 02:53:00,MER-001,SwiftMart,Card,NGN,12153.94,Successful,Settled,Reconciled,12153.94,12153.94,0.0,Not Applicable,427.0,Slow
TXN-00380,2026-05-12 12:21:00,MER-004,Urban Eats,Bank Transfer,EUR,154057.4,Successful,Settled,Reconciled,154057.4,154057.4,0.0,Not Applicable,881.0,Slow
TXN-00188,2026-04-19 20:12:00,MER-001,SwiftMart,Mobile Money,NGN,82489.72,Failed,Not Settled,Unreconciled,82489.72,0.0,82489.72,Invalid Account,695.0,Slow
TXN-00764,2026-03-07 09:33:00,MER-002,Apex Travel,Mobile Money,NGN,58886.77,Pending,Not Settled,Unreconciled,58886.77,0.0,58886.77,Pending Review,605.0,Slow
TXN-00217,2026-05-13 08:40:00,MER-007,Metro Logistics,Card,EUR,150653.08,Successful,Settled,Reconciled,150653.08,150653.08,0.0,Not Applicable,559.0,Slow
TXN-00792,2026-04-27 06:52:00,MER-008,CloudLearn,Mobile Money,EUR,173086.15,Pending,Not Settled,Unreconciled,173086.15,0.0,173086.15,Pending Review,789.0,Slow
TXN-00053,2026-03-01 18:11:00,MER-005,Prime Electronics,Card,GBP,87851.42,Failed,Not Settled,Unreconciled,87851.42,0.0,87851.42,System Error,410.0,Slow
TXN-00879,2026-06-13 07:18:00,MER-009,StyleHouse,Wallet,NGN,104394.83,Successful,Settled,Reconciled,104394.83,104394.83,0.0,Not Applicable,120.0,Normal
TXN-00338,2026-06-01 07:55:00,MER-002,Apex Travel,USSD,EUR,34880.86,Successful,Settled,Reconciled,34880.86,34880.86,0.0,Not Applicable,248.0,Normal
TXN-00749,2026-05-03 03:04:00,MER-009,StyleHouse,Card,EUR,141990.55,Successful,Settled,Reconciled,141990.55,141990.55,0.0,Not Applicable,833.0,Slow
TXN-00720,2026-05-02 10:09:00,MER-010,Global Services,Wallet,GBP,82844.66,Successful,Settled,Reconciled,82844.66,82844.66,0.0,Not Applicable,51.0,Fast
TXN-00725,2026-04-15 00:20:00,MER-009,StyleHouse,Card,EUR,181046.13,Failed,Not Settled,Unreconciled,181046.13,0.0,181046.13,System Error,808.0,Slow
TXN-00296,2026-04-08 22:14:00,MER-008,CloudLearn,Bank Transfer,USD,75254.03,Pending,Not Settled,Unreconciled,75254.03,0.0,75254.03,Pending Review,148.0,Normal
TXN-00702,2026-05-22 23:06:00,MER-008,CloudLearn,Bank Transfer,EUR,178033.58,Successful,Settled,Reconciled,178033.58,178033.58,0.0,Not Applicable,189.0,Normal
TXN-00252,2026-04-19 02:01:00,MER-006,Green Energy,Wallet,EUR,177214.08,Successful,Settled,Reconciled,177214.08,177214.08,0.0,Not Applicable,487.0,Slow
TXN-00727,2026-06-18 18:35:00,MER-003,Nova Health,Wallet,EUR,129974.48,Pending,Not Settled,Unreconciled,129974.48,0.0,129974.48,Pending Review,510.0,Slow
TXN-00462,2026-04-05 00:37:00,MER-006,Green Energy,Card,USD,16497.68,Pending,Not Settled,Unreconciled,16497.68,0.0,16497.68,Pending Review,519.0,Slow
TXN-00456,2026-06-25 15:24:00,MER-002,Apex Travel,Card,NGN,196457.83,Failed,Not Settled,Unreconciled,196457.83,0.0,196457.83,Invalid Account,353.0,Slow
TXN-00816,2026-02-19 07:47:00,MER-009,StyleHouse,USSD,EUR,59889.51,Successful,Settled,Reconciled,59889.51,59889.51,0.0,Not Applicable,626.0,Slow
TXN-00863,2026-02-26 02:02:00,MER-008,CloudLearn,Wallet,NGN,54002.22,Successful,Settlement Exception,Exception,54002.22,0.0,54002.22,Not Applicable,760.0,Slow
TXN-00270,2026-06-28 22:45:00,MER-006,Green Energy,Mobile Money,EUR,247275.96,Failed,Not Settled,Unreconciled,247275.96,0.0,247275.96,Invalid Account,537.0,Slow
TXN-00202,2026-03-10 01:51:00,MER-004,Urban Eats,USSD,NGN,93790.68,Successful,Settled,Reconciled,93790.68,93790.68,0.0,Not Applicable,327.0,Slow
TXN-00162,2026-03-18 23:50:00,MER-001,SwiftMart,Mobile Money,GBP,87976.38,Failed,Not Settled,Unreconciled,87976.38,0.0,87976.38,Network Timeout,520.0,Slow
TXN-00556,2026-06-04 23:46:00,MER-009,StyleHouse,USSD,NGN,72734.1,Successful,Settled,Reconciled,72734.1,72734.1,0.0,Not Applicable,257.0,Normal
TXN-00730,2026-01-03 01:21:00,MER-004,Urban Eats,Mobile Money,GBP,197569.86,Successful,Settled,Reconciled,197569.86,197569.86,0.0,Not Applicable,308.0,Slow
TXN-00402,2026-06-02 20:09:00,MER-001,SwiftMart,Mobile Money,NGN,189756.4,Successful,Settled,Reconciled,189756.4,189756.4,0.0,Not Applicable,870.0,Slow
TXN-00703,2026-01-26 00:48:00,MER-003,Nova Health,Bank Transfer,USD,8154.17,Successful,Settled,Reconciled,8154.17,8154.17,0.0,Not Applicable,277.0,Normal
TXN-00477,2026-06-15 00:40:00,MER-006,Green Energy,Wallet,GBP,211370.27,Pending,Pending,Exception,211370.27,0.0,211370.27,Pending Review,898.0,Slow
TXN-00822,2026-05-23 23:52:00,MER-001,SwiftMart,USSD,NGN,17807.79,Successful,Settled,Reconciled,17807.79,17807.79,0.0,Not Applicable,739.0,Slow
TXN-00772,2026-04-16 15:13:00,MER-008,CloudLearn,Card,USD,182573.35,Failed,Not Settled,Unreconciled,182573.35,0.0,182573.35,Bank Declined,880.0,Slow
TXN-00106,2026-02-22 12:57:00,MER-008,CloudLearn,Card,EUR,172200.63,Pending,Not Settled,Unreconciled,172200.63,0.0,172200.63,Pending Review,413.0,Slow
TXN-00566,2026-01-25 08:56:00,MER-008,CloudLearn,Wallet,NGN,99256.61,Failed,Not Settled,Unreconciled,99256.61,0.0,99256.61,System Error,11.0,Fast
TXN-00390,2026-02-26 11:09:00,MER-007,Metro Logistics,Bank Transfer,NGN,61195.49,Successful,Settled,Reconciled,61195.49,61195.49,0.0,Not Applicable,119.0,Normal
TXN-00002,2026-04-10 06:44:00,MER-002,Apex Travel,Wallet,EUR,8042.49,Successful,Settled,Reconciled,8042.49,8042.49,0.0,Not Applicable,224.0,Normal
TXN-00944,2026-06-21 23:42:00,UNKNOWN,Global Services,Bank Transfer,NGN,237032.49,Failed,Not Settled,Unreconciled,237032.49,0.0,237032.49,Fraud Check,663.0,Slow
TXN-00991,2026-02-09 23:53:00,MER-010,Global Services,Mobile Money,EUR,32876.53,Successful,Settled,Reconciled,32876.53,32876.53,0.0,Not Applicable,741.0,Slow
TXN-00562,2026-02-21 02:01:00,MER-003,Nova Health,Wallet,USD,65882.34,Pending,Pending,Exception,65882.34,0.0,65882.34,Pending Review,79.0,Normal
TXN-00081,2026-01-21 20:24:00,MER-003,Nova Health,Mobile Money,NGN,144713.31,Successful,Settled,Reconciled,144713.31,144713.31,0.0,Not Applicable,590.0,Slow
TXN-00206,2026-03-18 10:14:00,MER-010,Global Services,USSD,NGN,27803.39,Successful,Settled,Reconciled,27803.39,27803.39,0.0,Not Applicable,612.0,Slow
TXN-00035,2026-06-17 08:51:00,MER-009,StyleHouse,Bank Transfer,NGN,240198.65,Successful,Settled,Reconciled,240198.65,240198.65,0.0,Not Applicable,872.0,Slow
TXN-00776,2026-04-19 19:06:00,MER-005,Prime Electronics,Wallet,GBP,15448.3,Successful,Settled,Reconciled,15448.3,15448.3,0.0,Not Applicable,593.0,Slow
TXN-00509,2026-04-05 11:58:00,MER-009,StyleHouse,Wallet,NGN,108268.69,Pending,Not Settled,Unreconciled,108268.69,0.0,108268.69,Pending Review,255.0,Normal
TXN-00428,2026-03-04 00:47:00,MER-003,Nova Health,Mobile Money,NGN,5576.03,Failed,Not Settled,Unreconciled,5576.03,0.0,5576.03,Network Timeout,722.0,Slow
TXN-00455,2026-05-24 04:29:00,MER-010,Global Services,Wallet,EUR,28218.46,Successful,Settled,Reconciled,28218.46,28218.46,0.0,Not Applicable,152.0,Normal
TXN-00367,2026-01-25 03:44:00,MER-004,Urban Eats,Bank Transfer,GBP,207137.6,Pending,Not Settled,Unreconciled,207137.6,0.0,207137.6,Pending Review,403.0,Slow
TXN-00092,2026-05-01 20:53:00,MER-010,Global Services,Mobile Money,EUR,138412.89,Successful,Settlement Exception,Exception,138412.89,0.0,138412.89,Not Applicable,436.0,Slow
TXN-00340,2026-06-17 13:15:00,MER-007,Metro Logistics,Wallet,NGN,197701.16,Successful,Settled,Reconciled,197701.16,197701.16,0.0,Not Applicable,719.0,Slow
TXN-00898,2026-05-18 16:20:00,MER-007,Metro Logistics,Mobile Money,EUR,166702.58,Successful,Settled,Reconciled,166702.58,166702.58,0.0,Not Applicable,497.0,Slow
TXN-00565,2026-05-22 02:53:00,MER-003,Nova Health,Mobile Money,EUR,55904.33,Failed,Not Settled,Unreconciled,55904.33,0.0,55904.33,Bank Declined,751.0,Slow
TXN-00346,2026-03-21 18:22:00,MER-008,CloudLearn,Mobile Money,NGN,75135.99,Pending,Pending,Exception,75135.99,0.0,75135.99,Pending Review,118.0,Normal
TXN-00777,2026-06-30 06:58:00,MER-005,Prime Electronics,Wallet,NGN,71775.23,Successful,Settled,Reconciled,71775.23,71775.23,0.0,Not Applicable,130.0,Normal
TXN-00242,2026-06-07 12:35:00,MER-003,Nova Health,Mobile Money,GBP,47539.54,Successful,Settlement Exception,Exception,47539.54,0.0,47539.54,Not Applicable,511.0,Slow
TXN-00014,2026-01-26 04:22:00,MER-009,StyleHouse,USSD,NGN,188969.96,Successful,Settled,Reconciled,188969.96,188969.96,0.0,Not Applicable,157.0,Normal
TXN-00316,2026-01-02 17:17:00,MER-003,Nova Health,Card,EUR,211347.92,Pending,Not Settled,Unreconciled,211347.92,0.0,211347.92,Pending Review,804.0,Slow
TXN-00601,2026-02-23 13:36:00,MER-006,Green Energy,Card,GBP,219040.65,Failed,Not Settled,Unreconciled,219040.65,0.0,219040.65,System Error,257.0,Normal
TXN-00388,2026-03-19 02:37:00,MER-007,Metro Logistics,Card,USD,69439.19,Successful,Settled,Reconciled,69439.19,69439.19,0.0,Not Applicable,452.5,Slow
TXN-00274,2026-01-26 14:20:00,MER-008,CloudLearn,Mobile Money,USD,1806.85,Successful,Settled,Reconciled,1806.85,1806.85,0.0,Not Applicable,242.0,Normal
TXN-00167,2026-01-06 13:56:00,MER-002,Apex Travel,Wallet,USD,94110.98,Successful,Settled,Reconciled,94110.98,94110.98,0.0,Not Applicable,350.0,Slow
TXN-00841,2026-02-08 04:36:00,MER-004,Urban Eats,Mobile Money,GBP,224493.47,Failed,Not Settled,Unreconciled,224493.47,0.0,224493.47,Invalid Account,697.0,Slow
TXN-00647,2026-03-07 14:43:00,MER-001,SwiftMart,Bank Transfer,NGN,59067.86,Successful,Settled,Reconciled,59067.86,59067.86,0.0,Not Applicable,333.0,Slow
TXN-00819,2026-03-26 12:11:00,MER-004,Urban Eats,Mobile Money,NGN,48510.38,Successful,Settled,Reconciled,48510.38,48510.38,0.0,Not Applicable,702.0,Slow
TXN-00485,2026-01-31 16:38:00,MER-010,Global Services,Bank Transfer,EUR,196324.21,Successful,Settled,Reconciled,196324.21,196324.21,0.0,Not Applicable,133.0,Normal
TXN-00989,2026-06-12 13:02:00,MER-007,Metro Logistics,USSD,NGN,123747.72,Pending,Not Settled,Unreconciled,123747.72,0.0,123747.72,Pending Review,356.0,Slow
TXN-00505,2026-06-28 16:32:00,MER-003,Nova Health,Card,EUR,227815.57,Successful,Settled,Reconciled,227815.57,227815.57,0.0,Not Applicable,822.0,Slow
TXN-00832,2026-01-18 20:09:00,MER-008,CloudLearn,USSD,USD,20864.57,Successful,Settled,Reconciled,20864.57,20864.57,0.0,Not Applicable,710.0,Slow
TXN-00244,2026-04-17 04:40:00,MER-006,Green Energy,Card,NGN,70410.95,Failed,Not Settled,Unreconciled,70410.95,0.0,70410.95,System Error,864.0,Slow
TXN-00567,2026-02-13 11:41:00,MER-010,Global Services,Bank Transfer,USD,111610.49,Successful,Settled,Reconciled,111610.49,111610.49,0.0,Not Applicable,580.0,Slow
TXN-00876,2026-04-09 23:30:00,MER-006,Green Energy,Mobile Money,GBP,67937.6,Pending,Not Settled,Unreconciled,67937.6,0.0,67937.6,Pending Review,705.0,Slow
TXN-00563,2026-06-12 09:40:00,MER-001,SwiftMart,Wallet,NGN,203179.34,Failed,Not Settled,Unreconciled,203179.34,0.0,203179.34,Fraud Check,415.0,Slow
TXN-00961,2026-04-13 02:24:00,MER-008,CloudLearn,USSD,EUR,28211.47,Pending,Pending,Exception,28211.47,0.0,28211.47,Pending Review,888.0,Slow
TXN-00687,2026-05-07 12:48:00,MER-001,SwiftMart,USSD,NGN,63938.54,Successful,Settled,Reconciled,63938.54,63938.54,0.0,Not Applicable,291.0,Normal
TXN-00958,2026-04-05 02:41:00,MER-006,Green Energy,USSD,USD,78954.18,Successful,Settled,Reconciled,78954.18,78954.18,0.0,Not Applicable,783.0,Slow
TXN-00190,2026-06-16 21:19:00,MER-006,Green Energy,Mobile Money,EUR,32325.02,Pending,Not Settled,Unreconciled,32325.02,0.0,32325.02,Pending Review,87.0,Normal
TXN-00783,2026-02-24 20:41:00,MER-008,CloudLearn,Wallet,USD,95012.22,Pending,Not Settled,Unreconciled,95012.22,0.0,95012.22,Pending Review,400.0,Slow
TXN-00700,2026-02-25 05:20:00,MER-008,CloudLearn,Mobile Money,USD,194799.06,Successful,Settled,Reconciled,194799.06,194799.06,0.0,Not Applicable,135.0,Normal
TXN-00476,2026-04-17 03:16:00,MER-010,Global Services,Bank Transfer,GBP,181664.81,Successful,Settled,Reconciled,181664.81,181664.81,0.0,Not Applicable,703.0,Slow
TXN-00682,2026-01-05 09:45:00,MER-005,Prime Electronics,Bank Transfer,GBP,154093.63,Successful,Settled,Reconciled,154093.63,154093.63,0.0,Not Applicable,639.0,Slow
TXN-00511,2026-06-08 06:32:00,MER-003,Nova Health,Card,EUR,80226.39,Successful,Settled,Reconciled,80226.39,80226.39,0.0,Not Applicable,285.0,Normal
TXN-00059,2026-02-04 22:09:00,MER-007,Metro Logistics,USSD,USD,153917.18,Successful,Settled,Exception,153917.18,152475.48,1441.7,Not Applicable,416.0,Slow
TXN-00475,2026-02-28 04:17:00,MER-003,Nova Health,Card,EUR,249367.53,Successful,Settled,Reconciled,249367.53,249367.53,0.0,Not Applicable,429.0,Slow
TXN-00561,2026-03-26 06:12:00,MER-008,CloudLearn,Mobile Money,GBP,121794.15,Successful,Settled,Reconciled,121794.15,121794.15,0.0,Not Applicable,180.0,Normal
TXN-00857,2026-05-26 13:24:00,MER-010,Global Services,USSD,GBP,172317.83,Pending,Pending,Exception,172317.83,0.0,172317.83,Pending Review,491.0,Slow
TXN-00748,2026-03-13 08:18:00,MER-003,Nova Health,Wallet,EUR,154117.2,Successful,Settled,Reconciled,154117.2,154117.2,0.0,Not Applicable,341.0,Slow
TXN-00253,2026-05-03 15:54:00,MER-002,Apex Travel,USSD,GBP,199209.03,Pending,Pending,Exception,199209.03,0.0,199209.03,Pending Review,894.0,Slow
TXN-00022,2026-04-07 01:26:00,MER-010,Global Services,USSD,USD,232235.48,Pending,Pending,Exception,232235.48,0.0,232235.48,Pending Review,707.0,Slow
TXN-00314,2026-03-06 12:34:00,MER-005,Prime Electronics,USSD,NGN,93325.59,Successful,Settled,Reconciled,93325.59,93325.59,0.0,Not Applicable,471.0,Slow
TXN-00460,2026-05-07 17:40:00,MER-002,Apex Travel,Bank Transfer,USD,75190.06,Pending,Not Settled,Unreconciled,75190.06,0.0,75190.06,Pending Review,454.0,Slow
TXN-00161,2026-04-12 06:49:00,MER-001,SwiftMart,Wallet,GBP,167536.31,Successful,Settled,Reconciled,167536.31,167536.31,0.0,Not Applicable,363.0,Slow
TXN-00277,2026-05-06 15:55:00,MER-002,Apex Travel,Mobile Money,GBP,153694.9,Successful,Settled,Reconciled,153694.9,153694.9,0.0,Not Applicable,137.0,Normal
TXN-00956,2026-03-20 19:29:00,MER-003,Nova Health,Mobile Money,NGN,78386.08,Successful,Settled,Reconciled,78386.08,78386.08,0.0,Not Applicable,512.0,Slow
TXN-00192,2026-04-28 14:31:00,MER-007,Metro Logistics,Wallet,GBP,4655.81,Successful,Settled,Reconciled,4655.81,4655.81,0.0,Not Applicable,185.0,Normal
TXN-00386,2026-04-10 11:04:00,MER-003,Nova Health,USSD,NGN,4270.68,Successful,Settled,Exception,4270.68,3958.94,311.74,Not Applicable,1788.0,Critical
TXN-00806,2026-04-08 04:49:00,MER-008,CloudLearn,Card,NGN,84887.35,Successful,Settled,Reconciled,84887.35,84887.35,0.0,Not Applicable,807.0,Slow
TXN-00414,2026-04-17 00:12:00,MER-010,Global Services,Mobile Money,NGN,5547.87,Successful,Settled,Reconciled,5547.87,5547.87,0.0,Not Applicable,203.0,Normal
TXN-00492,2026-01-31 18:18:00,MER-002,Apex Travel,Mobile Money,NGN,93860.59,Pending,Pending,Exception,93860.59,0.0,93860.59,Pending Review,262.0,Normal
TXN-00344,2026-04-02 02:34:00,MER-003,Nova Health,Mobile Money,NGN,120744.49,Successful,Settled,Reconciled,120744.49,120744.49,0.0,Not Applicable,426.0,Slow
TXN-00770,2026-02-11 02:16:00,MER-003,Nova Health,USSD,NGN,144526.83,Pending,Not Settled,Unreconciled,144526.83,0.0,144526.83,Pending Review,243.0,Normal
TXN-00309,2026-06-16 21:59:00,MER-009,StyleHouse,Card,NGN,209783.22,Successful,Settled,Reconciled,209783.22,209783.22,0.0,Not Applicable,838.0,Slow
TXN-00662,2026-01-15 04:30:00,MER-004,Urban Eats,Wallet,NGN,25396.16,Successful,Settled,Reconciled,25396.16,25396.16,0.0,Not Applicable,545.0,Slow
TXN-00131,2026-02-16 11:32:00,MER-001,SwiftMart,USSD,GBP,169434.96,Successful,Settled,Reconciled,169434.96,169434.96,0.0,Not Applicable,76.0,Normal
TXN-00664,2026-01-20 04:59:00,MER-010,Global Services,Mobile Money,EUR,175667.35,Successful,Settled,Reconciled,175667.35,175667.35,0.0,Not Applicable,2795.0,Critical
TXN-00872,2026-04-13 23:01:00,MER-007,Metro Logistics,Mobile Money,EUR,243567.26,Successful,Settled,Reconciled,243567.26,243567.26,0.0,Not Applicable,383.0,Slow
TXN-00100,2026-04-19 12:31:00,MER-010,Global Services,Bank Transfer,EUR,112683.56,Successful,Settled,Reconciled,112683.56,112683.56,0.0,Not Applicable,305.0,Slow
TXN-00373,2026-01-03 23:08:00,MER-002,Apex Travel,Bank Transfer,EUR,114183.88,Successful,Settlement Exception,Exception,114183.88,0.0,114183.88,Not Applicable,208.0,Normal
TXN-00088,2026-03-10 23:49:00,MER-006,Green Energy,Card,EUR,212753.11,Successful,Settled,Reconciled,212753.11,212753.11,0.0,Not Applicable,3141.0,Critical
TXN-00459,2026-06-17 15:11:00,MER-005,Prime Electronics,Mobile Money,NGN,84532.73,Successful,Settled,Reconciled,84532.73,84532.73,0.0,Not Applicable,319.0,Slow
TXN-00331,2026-01-27 13:35:00,MER-002,Apex Travel,Bank Transfer,EUR,69062.87,Successful,Settled,Reconciled,69062.87,69062.87,0.0,Not Applicable,496.0,Slow
TXN-00215,2026-06-07 14:43:00,MER-006,Green Energy,Mobile Money,NGN,199855.67,Successful,Settled,Reconciled,199855.67,199855.67,0.0,Not Applicable,410.0,Slow
TXN-00467,2026-01-05 23:55:00,MER-007,Metro Logistics,Card,USD,213469.95,Successful,Settled,Reconciled,213469.95,213469.95,0.0,Not Applicable,878.0,Slow
TXN-00122,2026-03-16 18:42:00,MER-001,SwiftMart,Mobile Money,EUR,176336.45,Successful,Settlement Exception,Exception,176336.45,0.0,176336.45,Not Applicable,396.0,Slow
TXN-00615,2026-03-04 11:00:00,MER-006,Green Energy,Bank Transfer,EUR,106043.33,Successful,Settled,Reconciled,106043.33,106043.33,0.0,Not Applicable,718.0,Slow
TXN-00021,2026-06-28 00:52:00,MER-009,StyleHouse,Bank Transfer,USD,164971.73,Failed,Not Settled,Unreconciled,164971.73,0.0,164971.73,Bank Declined,170.0,Normal
TXN-00701,2026-04-22 09:47:00,MER-010,Global Services,Mobile Money,USD,149130.54,Successful,Settled,Reconciled,149130.54,149130.54,0.0,Not Applicable,704.0,Slow
TXN-00072,2026-06-14 17:17:00,MER-010,Global Services,Card,EUR,119297.24,Successful,Settled,Reconciled,119297.24,119297.24,0.0,Not Applicable,306.0,Slow
TXN-00107,2026-04-02 02:35:00,MER-009,StyleHouse,USSD,EUR,20202.42,Successful,Settled,Reconciled,20202.42,20202.42,0.0,Not Applicable,443.0,Slow
TXN-00271,2026-06-11 21:14:00,MER-003,Nova Health,Wallet,EUR,68281.99,Successful,Settled,Reconciled,68281.99,68281.99,0.0,Not Applicable,339.0,Slow
TXN-00861,2026-04-04 04:02:00,MER-007,Metro Logistics,Bank Transfer,EUR,79507.68,Failed,Not Settled,Unreconciled,79507.68,0.0,79507.68,Insufficient Funds,524.0,Slow
TXN-00436,2026-06-11 09:50:00,MER-006,Green Energy,USSD,NGN,66376.59,Successful,Settled,Reconciled,66376.59,66376.59,0.0,Not Applicable,710.0,Slow
TXN-00103,2026-04-19 02:24:00,MER-008,CloudLearn,Mobile Money,NGN,57945.91,Pending,Not Settled,Unreconciled,57945.91,0.0,57945.91,Pending Review,290.0,Normal
